score,N 집합,선정 구성,batch,탐색 합산비,탐색 N평균비,평가 합산비,평가 N평균비,기록 구성과 일치,기록 구성의 순위,기록 구성 상위 20 포함
sum-seconds,"6,8","(1, 4, 5, 6, 8, 16)",16,0.936212,0.938295,0.923708,0.924685,아니오,11,예
sum-seconds,"6,8,10","(1, 4, 6, 8, 10, 16)",16,0.920931,0.925383,0.906644,0.910874,예,1,예
sum-seconds,"8,10","(1, 4, 6, 8, 10, 16)",16,0.908854,0.909938,0.886962,0.888356,예,1,예
per-n,"6,8","(1, 4, 5, 6, 8, 16)",16,0.936212,0.938295,0.923708,0.924685,아니오,12,예
per-n,"6,8,10","(1, 4, 6, 8, 10, 16)",16,0.920931,0.925383,0.906644,0.910874,예,1,예
per-n,"8,10","(1, 4, 6, 8, 10, 16)",16,0.908854,0.909938,0.886962,0.888356,예,1,예

score,N 집합,상위 20 ∩ 기준,기준에만,이 조건에만
sum-seconds,"6,8",4,16,16
sum-seconds,"6,8,10",20,0,0
sum-seconds,"8,10",15,5,5
per-n,"6,8",4,16,16
per-n,"6,8,10",20,0,0
per-n,"8,10",14,6,6
