장비,구성,항목,값,모집단/단위,출처
NPU (RBLN-CA25),BASE,c,0.145,"µs/token, F1 `f(b) + βn + c·ΣL`, decode step; β -0.005 ms, RMS 0.237 ms",TASK97; results/npu/stage3/ctxcost/ctxcost_v2.json; docs/research/TASK97.md @ 8b54b5a
NPU (RBLN-CA25),BATCHONLY,c,0.146,"µs/token, F1 `f(b) + βn + c·ΣL`, decode step; β -0.069 ms, RMS 0.461 ms",TASK100; results/npu/stage3/ctxcost/ctxcost_v2.json; docs/research/TASK100.md @ cb1eec4
NPU (RBLN-CA25),TUNED,c,0.149,"µs/token, F1 `f(b) + βn + c·ΣL`, decode step; β -0.017 ms, RMS 0.361 ms",TASK97; results/npu/stage3/ctxcost/ctxcost_v2.json; docs/research/TASK97.md @ 8b54b5a
GPU (A6000),GTASK18 통제 구성,c,0.212,"µs/token, F1 `t = a(n) + c·ΣL`, 균일 16 cell; a(n) n = 1/2/4/8 13.432 / 13.285 / 13.265 / 13.414 ms",GTASK18; origin/gpu-a6000:experiments/gpu/stepcost/ctx_result/summary.json @ 809a767; origin/gpu-a6000:docs/research/gpu/GTASK18.md @ f0d8000
NPU (RBLN-CA25),BASE,통제 측정 context 범위,"L ∈ {512, 1,500, 3,000} + 생성 ≤ 255 (512–3,255); 짧은 context 128–640",decode 중 요청 context (token); 짧은 context = TASK92 `op-decode` (prompt 128 + 생성 512),TASK97; docs/research/CTXCOST_DESIGN.md @ f91b8e2; docs/research/TASK92.md @ cc29e76
NPU (RBLN-CA25),BATCHONLY,통제 측정 context 범위,"L ∈ {512, 1,500, 3,000} + 생성 ≤ 255 (512–3,255); 짧은 context 128–640",decode 중 요청 context (token); 짧은 context = TASK92 `op-decode` (prompt 128 + 생성 512),TASK100; docs/research/CTXCOST_DESIGN.md @ f91b8e2; docs/research/TASK92.md @ cc29e76
NPU (RBLN-CA25),TUNED,통제 측정 context 범위,"L ∈ {512, 1,500, 3,000} + 생성 ≤ 255 (512–3,255); 짧은 context 128–640",decode 중 요청 context (token); 짧은 context = TASK92 `op-decode` (prompt 128 + 생성 512),TASK97; docs/research/CTXCOST_DESIGN.md @ f91b8e2; docs/research/TASK92.md @ cc29e76
GPU (A6000),GTASK18 통제 구성,통제 측정 context 범위,"L ∈ {64, 512, 1,500, 3,000} (+ 혼합 512·3,000); 이전 통제 GTASK05 64–192 (평균 128), GTASK17 64–320 (평균 192)",decode 중 요청 context (token),GTASK18; origin/gpu-a6000:docs/research/gpu/GTASK18.md @ f0d8000
NPU (RBLN-CA25),BASE,운영 context,"평균 1,806; p05 1,113, 중앙 1,795, p95 2,521, 최대 3,188; run별 평균 TASK82 / 87 / 95 1,801 / 1,823 / 1,800","run 기록, 요청당 context, decode step 가중 (운영 비율 재현 검사와 같은 깨끗한 step 모집단, 1,146,097 요청·step)","TASK82, TASK87, TASK95 run 로그; make_paper_tables.py npu_operational_context()"
NPU (RBLN-CA25),BATCHONLY,운영 context,"평균 1,811; p05 1,113, 중앙 1,799, p95 2,534, 최대 3,188; run별 평균 TASK82 / 87 / 95 1,803 / 1,821 / 1,811","run 기록, 요청당 context, decode step 가중 (운영 비율 재현 검사와 같은 깨끗한 step 모집단, 1,378,606 요청·step)","TASK82, TASK87, TASK95 run 로그; make_paper_tables.py npu_operational_context()"
NPU (RBLN-CA25),TUNED,운영 context,"평균 1,811; p05 1,113, 중앙 1,799, p95 2,534, 최대 3,190; run별 평균 TASK82 / 87 / 95 1,805 / 1,820 / 1,810","run 기록, 요청당 context, decode step 가중 (운영 비율 재현 검사와 같은 깨끗한 step 모집단, 1,400,686 요청·step)","TASK82, TASK87, TASK95 run 로그; make_paper_tables.py npu_operational_context()"
GPU (A6000),GTASK11 plan,운영 context,"평균 1,810; p05 1,102, 중앙 1,796, p95 2,551, 최대 3,273","GTASK11 plan, 요청당 context, decode step 가중 (5,878,598 step)",GTASK18; origin/gpu-a6000:experiments/gpu/stepcost/ctx_result/summary.json @ 809a767; origin/gpu-a6000:docs/research/gpu/GTASK18.md @ f0d8000
NPU (RBLN-CA25),BASE,운영 비율 재현: F1 / 통제 (run 구조),1.084 / 1.115 / 1.116 / 1.113,"step 가중, TASK82 / TASK87 / TASK95 / TASK92 `op-prefill-mt`",TASK97; results/npu/stage3/ctxcost/ctxcost_v2.json; docs/research/TASK97.md @ 8b54b5a
NPU (RBLN-CA25),BASE,운영 비율 재현: F1 대 관측,TASK91 모집단 F1 1.095 대 관측 1.084; TASK92 `op-prefill-mt` F1 1.113 대 관측 1.113,"context 비용/통제 비용, step 가중 (TASK91 모집단 = TASK82 + 87 run 구조)",TASK97; docs/research/TASK97.md @ 8b54b5a
NPU (RBLN-CA25),BATCHONLY,운영 비율 재현: F1 / 통제 (run 구조),1.085 / 1.112 / 1.120 / 1.101,"step 가중, TASK82 / TASK87 / TASK95 / TASK92 `op-prefill-mt`",TASK100; results/npu/stage3/ctxcost/ctxcost_v2.json; docs/research/TASK100.md @ cb1eec4
NPU (RBLN-CA25),BATCHONLY,운영 비율 재현: F1 대 관측,기록 없음,BATCHONLY 관측 비교값은 TASK100에 없음,TASK100; docs/research/TASK100.md @ cb1eec4
NPU (RBLN-CA25),TUNED,운영 비율 재현: F1 / 통제 (run 구조),1.083 / 1.114 / 1.122 / 1.100,"step 가중, TASK82 / TASK87 / TASK95 / TASK92 `op-prefill-mt`",TASK97; results/npu/stage3/ctxcost/ctxcost_v2.json; docs/research/TASK97.md @ 8b54b5a
NPU (RBLN-CA25),TUNED,운영 비율 재현: F1 대 관측,TASK91 모집단 F1 1.096 대 관측 1.085; TASK92 `op-prefill-mt` F1 1.100 대 관측 1.107,"context 비용/통제 비용, step 가중 (TASK91 모집단 = TASK82 + 87 run 구조)",TASK97; docs/research/TASK97.md @ 8b54b5a
GPU (A6000),GTASK11 운영,운영 비율 재현: F1 대 관측,F1 1.030 / 1.058 / 1.081 / 1.108 / 1.132 / 1.160 / 1.185 / 1.210; 운영 1.034 / 1.064 / 1.100 / 1.123 / 1.147 / 1.172 / 1.227 / 1.219; 설명 몫 81–96 %,"decode 폭 d = 1–8, F1(plan 평균 L̄ 1,810만 입력) / 가격 대 GTASK15 운영 (합/가격)",GTASK18; origin/gpu-a6000:experiments/gpu/stepcost/ctx_result/summary.json @ 809a767; origin/gpu-a6000:docs/research/gpu/GTASK18.md @ f0d8000
NPU (RBLN-CA25),세 구성,blind: 재사용 MAE (context 비용 sim 대 원래 비용 sim),0.0090 대 0.0093,TASK102 blind 6 cell (N = 15·18 × 세 구성),TASK102; results/npu/stage3/20261002-ctxblind/ctxblind_verdict.json; docs/research/TASK102.md @ 15742d7
NPU (RBLN-CA25),세 구성,blind: BASE 재사용 |오차| Σ (context 비용 sim 대 원래 비용 sim),0.0377 대 0.0289,BASE N15 + N18,TASK102; results/npu/stage3/20261002-ctxblind/ctxblind_verdict.json; docs/research/TASK102.md @ 15742d7
NPU (RBLN-CA25),세 구성,blind: 비 Σ|오차| (context 비용 sim 대 원래 비용 sim),0.0491 대 0.0542,"BATCHONLY·TUNED N15·18, 4 cell",TASK102; results/npu/stage3/20261002-ctxblind/ctxblind_verdict.json; docs/research/TASK102.md @ 15742d7
NPU (RBLN-CA25),세 구성,blind: h TVD 중앙 (context 비용 sim 대 원래 비용 sim),0.034 대 0.073,TASK102 blind 6 cell (N = 15·18 × 세 구성),TASK102; results/npu/stage3/20261002-ctxblind/ctxblind_verdict.json; docs/research/TASK102.md @ 15742d7
NPU (RBLN-CA25),세 구성,blind: 원래 비용 sim §5.1 / §5.2 / §5.6,PASS / PASS / PASS,TASK102 blind 6 cell (N = 15·18 × 세 구성),TASK102; results/npu/stage3/20261002-ctxblind/ctxblind_verdict.json; docs/research/TASK102.md @ 15742d7
GPU (A6000),세 구성,blind: 재사용 MAE (context 비용 sim 대 가격 sim),0.022 / 0.023 대 0.108 / 0.105,"GTASK20 blind 6 cell (N = 25·28 × 세 구성), lo / hi",GTASK20; origin/gpu-a6000:experiments/gpu/multiturn/blind_result/verdict.json @ bac3e63
GPU (A6000),세 구성,blind: BASE 재사용 |오차| Σ (context 비용 sim 대 가격 sim),0.075 / 0.084 대 0.348 / 0.319,"BASE N25 + N28, lo / hi",GTASK20; origin/gpu-a6000:experiments/gpu/multiturn/blind_result/verdict.json @ bac3e63
GPU (A6000),세 구성,blind: 비 Σ|오차| (context 비용 sim 대 가격 sim),0.040 / 0.028 대 0.135 / 0.110,"POOL·POOL+GRID N25·28, 4 cell, lo / hi",GTASK20; origin/gpu-a6000:experiments/gpu/multiturn/blind_result/verdict.json @ bac3e63
GPU (A6000),세 구성,blind: h TVD 중앙 (context 비용 sim 대 가격 sim),0.049 / 0.048 대 0.028 / 0.029,"GTASK20 blind 6 cell (N = 25·28 × 세 구성), lo / hi, decode-only",GTASK20; origin/gpu-a6000:experiments/gpu/multiturn/blind_result/verdict.json @ bac3e63
GPU (A6000),세 구성,blind: 가격 sim §5.1 / §5.2 / §5.6,FAIL / FAIL / PASS,"GTASK20 blind 6 cell (N = 25·28 × 세 구성), lo / hi",GTASK20; origin/gpu-a6000:experiments/gpu/multiturn/blind_result/verdict.json @ bac3e63
