run,N,arm,반복,기준 A′ (s),arm A′ (s),A′ 비,B 비,채널 차,X (A′),X (B)
TASK35 seed 20261000,6,② BATCHONLY,0,7.696,7.694,0.9998,0.9683,0.0315,+0.02 %,+3.17 %
TASK35 seed 20261000,6,② BATCHONLY,1,6.785,6.563,0.9672,0.9699,0.0027,+3.28 %,+3.01 %
TASK35 seed 20261000,6,② BATCHONLY,2,8.503,8.252,0.9705,0.9419,0.0286,+2.95 %,+5.81 %
TASK35 seed 20261000,6,② BATCHONLY,합산,22.984,22.508,0.9793,0.9588,0.0205,+2.07 %,+4.12 %
TASK35 seed 20261000,6,③ TUNED,0,7.696,7.528,0.9782,0.9515,0.0267,+2.18 %,+4.85 %
TASK35 seed 20261000,6,③ TUNED,1,6.785,6.542,0.9642,0.9573,0.0069,+3.58 %,+4.27 %
TASK35 seed 20261000,6,③ TUNED,2,8.503,8.131,0.9562,0.9228,0.0334,+4.38 %,+7.72 %
TASK35 seed 20261000,6,③ TUNED,합산,22.984,22.201,0.9660,0.9424,0.0236,+3.40 %,+5.76 %
TASK35 seed 20261000,8,② BATCHONLY,0,13.441,12.697,0.9446,0.9334,0.0112,+5.54 %,+6.66 %
TASK35 seed 20261000,8,② BATCHONLY,1,10.920,10.009,0.9166,0.9256,0.0090,+8.34 %,+7.44 %
TASK35 seed 20261000,8,② BATCHONLY,2,7.836,6.835,0.8723,0.8817,0.0094,+12.77 %,+11.83 %
TASK35 seed 20261000,8,② BATCHONLY,합산,32.197,29.541,0.9175,0.9183,0.0008,+8.25 %,+8.17 %
TASK35 seed 20261000,8,③ TUNED,0,13.441,12.446,0.9259,0.9098,0.0162,+7.41 %,+9.02 %
TASK35 seed 20261000,8,③ TUNED,1,10.920,9.876,0.9044,0.9095,0.0052,+9.56 %,+9.05 %
TASK35 seed 20261000,8,③ TUNED,2,7.836,6.747,0.8611,0.8669,0.0058,+13.89 %,+13.31 %
TASK35 seed 20261000,8,③ TUNED,합산,32.197,29.069,0.9028,0.8993,0.0035,+9.72 %,+10.07 %
TASK35 seed 20261000,10,② BATCHONLY,0,12.949,12.217,0.9434,0.9487,0.0053,+5.66 %,+5.13 %
TASK35 seed 20261000,10,② BATCHONLY,1,13.575,12.979,0.9560,0.9509,0.0051,+4.40 %,+4.91 %
TASK35 seed 20261000,10,② BATCHONLY,2,13.516,13.050,0.9655,0.9656,0.0000,+3.45 %,+3.44 %
TASK35 seed 20261000,10,② BATCHONLY,합산,40.040,38.245,0.9552,0.9551,0.0000,+4.48 %,+4.49 %
TASK35 seed 20261000,10,③ TUNED,0,12.949,11.438,0.8833,0.8804,0.0029,+11.67 %,+11.96 %
TASK35 seed 20261000,10,③ TUNED,1,13.575,12.911,0.9511,0.9542,0.0031,+4.89 %,+4.58 %
TASK35 seed 20261000,10,③ TUNED,2,13.516,12.742,0.9428,0.9500,0.0072,+5.72 %,+5.00 %
TASK35 seed 20261000,10,③ TUNED,합산,40.040,37.091,0.9264,0.9287,0.0023,+7.36 %,+7.13 %
TASK36 seed 20261100,6,② BATCHONLY,0,9.790,9.614,0.9821,0.9838,0.0017,+1.79 %,+1.62 %
TASK36 seed 20261100,6,② BATCHONLY,1,8.396,8.417,1.0024,0.9991,0.0033,-0.24 %,+0.09 %
TASK36 seed 20261100,6,② BATCHONLY,2,7.923,7.923,1.0000,1.0011,0.0011,+0.00 %,-0.11 %
TASK36 seed 20261100,6,② BATCHONLY,합산,26.110,25.954,0.9941,0.9940,0.0001,+0.59 %,+0.60 %
TASK36 seed 20261100,6,③ TUNED,0,9.790,9.561,0.9766,0.9687,0.0080,+2.34 %,+3.13 %
TASK36 seed 20261100,6,③ TUNED,1,8.396,8.258,0.9835,0.9748,0.0087,+1.65 %,+2.52 %
TASK36 seed 20261100,6,③ TUNED,2,7.923,7.739,0.9767,0.9752,0.0015,+2.33 %,+2.48 %
TASK36 seed 20261100,6,③ TUNED,합산,26.110,25.558,0.9789,0.9726,0.0063,+2.11 %,+2.74 %
