run,N,arm,실측 A′ 비,off 비,|e_c| off,on 비,|e_c| on,Δ비 (on−off),|e_c| 차,sim 재사용 off→on,sim 회수 off→on
seed 20261000,6,① BASE,1.0000,1.0000,—,1.0000,—,+0.0000,—,14→13 of 18 (실측 15/18),12→12
seed 20261000,6,② BATCHONLY,0.9793,0.9610,0.0183,0.9576,0.0217,-0.0034,+0.0034,18→18 of 18 (실측 18/18),0→0
seed 20261000,6,③ TUNED,0.9660,0.9466,0.0194,0.9432,0.0228,-0.0034,+0.0034,18→18 of 18 (실측 18/18),0→0
seed 20261000,8,① BASE,1.0000,1.0000,—,1.0000,—,+0.0000,—,9→6 of 24 (실측 9/24),24→24
seed 20261000,8,② BATCHONLY,0.9175,0.9101,0.0074,0.8845,0.0330,-0.0256,+0.0256,24→24 of 24 (실측 24/24),0→0
seed 20261000,8,③ TUNED,0.9028,0.8971,0.0058,0.8718,0.0310,-0.0252,+0.0252,24→24 of 24 (실측 24/24),0→0
seed 20261000,10,① BASE,1.0000,1.0000,—,1.0000,—,+0.0000,—,7→6 of 30 (실측 9/30),36→36
seed 20261000,10,② BATCHONLY,0.9552,0.9213,0.0339,0.9037,0.0515,-0.0176,+0.0176,29→29 of 30 (실측 27/30),12→13
seed 20261000,10,③ TUNED,0.9264,0.8899,0.0364,0.8729,0.0534,-0.0170,+0.0170,29→29 of 30 (실측 27/30),12→13
seed 20261100,6,① BASE,1.0000,1.0000,—,1.0000,—,+0.0000,—,16→16 of 18 (실측 17/18),12→13
seed 20261100,6,② BATCHONLY,0.9941,0.9874,0.0066,0.9874,0.0066,+0.0000,+0.0000,18→18 of 18 (실측 18/18),0→0
seed 20261100,6,③ TUNED,0.9789,0.9713,0.0076,0.9713,0.0076,+0.0000,+0.0000,18→18 of 18 (실측 18/18),0→0

dummy block,선정 구성,batch,탐색 합산비,평가 합산비,기록 구성과 일치,기록 구성의 순위,상위 20 ∩ off
off (기록 설정),"(1, 4, 6, 8, 10, 16)",16,0.920931,0.906644,예,1,20
on,"(1, 4, 6, 8, 10, 16)",16,0.897422,0.879757,예,1,20
