격자,N,p_gap,p_무gap,Δp,decode device time 비 (gap/무gap)
"{1, 2, 4, 8}",3,0.118,0.198,+0.080,1.430
"{1, 2, 4, 8}",4,0.035,0.061,+0.026,1.780
"{1, 2, 4, 8}",5,0.171,0.268,+0.098,1.272
"{1, 2, 4, 8}",6,0.120,0.235,+0.115,1.514
"{1, 2, 4, 8}",7,0.158,0.180,+0.022,1.379
"{1, 2, 4, 8}",8,0.163,0.090,-0.072,1.388
"{1, 2, 4, 8}",10,0.152,0.069,-0.084,1.230
"{1, 2, 4, 8}",12,0.098,0.019,-0.079,1.054
"{1, 2, 4, 8}",16,0.039,0.033,-0.005,1.067
"{1, 2, 4, 6, 8}†",6,0.078,0.051,-0.027,1.668
"{1, 2, 4, 6, 8}†",8,0.075,0.027,-0.048,1.390
