substrate,population,condition,bg_tokens,m_background,bg_units_cum,pred_hit_tokens,obs_hit_tokens,pred_survive_frac,obs_survive_frac,source
NPU,retro_check,outer_fifo_8,2000,0,,,,1,1,TASK14; results/npu/stage3/model_v0_retro/r1.json
NPU,retro_check,outer_fifo_8,2000,16,,,,0,0,TASK14; results/npu/stage3/model_v0_retro/r1.json
NPU,retro_check,outer_fifo_8,2000,3,,,,1,1,TASK14; results/npu/stage3/model_v0_retro/r1.json
NPU,retro_check,outer_fifo_8,2000,33,,,,0,0,TASK14; results/npu/stage3/model_v0_retro/r1.json
NPU,retro_check,outer_fifo_8,2000,49,,,,0,0,TASK14; results/npu/stage3/model_v0_retro/r1.json
NPU,retro_check,outer_fifo_8,2000,6,,,,1,1,TASK14; results/npu/stage3/model_v0_retro/r1.json
NPU,retro_check,outer_fifo_8,2000,7,,,,0,0,TASK14; results/npu/stage3/model_v0_retro/r1.json
NPU,retro_check,outer_fifo_8,2000,8,,,,0,0,TASK14; results/npu/stage3/model_v0_retro/r1.json
NPU,retro_check,outer_fifo_8,2000,9,,,,0,0,TASK14; results/npu/stage3/model_v0_retro/r1.json
NPU,retro_check,outer_fifo_8,2000,5,,,,1,1,TASK15; results/npu/stage3/model_v0_retro/r1.json
NPU,retro_check,outer_fifo_8,2000,5,,,,1,1,TASK15; results/npu/stage3/model_v0_retro/r1.json
NPU,retro_check,outer_fifo_8,2000,5,,,,1,1,TASK15; results/npu/stage3/model_v0_retro/r1.json
NPU,retro_check,outer_fifo_8,2000,6,,,,1,1,TASK15; results/npu/stage3/model_v0_retro/r1.json
NPU,retro_check,outer_fifo_8,2000,6,,,,1,1,TASK15; results/npu/stage3/model_v0_retro/r1.json
NPU,retro_check,outer_fifo_8,2000,6,,,,1,1,TASK15; results/npu/stage3/model_v0_retro/r1.json
NPU,retro_check,outer_fifo_8,2000,7,,,,0,0,TASK15; results/npu/stage3/model_v0_retro/r1.json
NPU,retro_check,outer_fifo_8,2000,7,,,,0,0,TASK15; results/npu/stage3/model_v0_retro/r1.json
NPU,retro_check,outer_fifo_8,2000,7,,,,0,0,TASK15; results/npu/stage3/model_v0_retro/r1.json
NPU,retro_check,outer_fifo_8,2000,8,,,,0,0,TASK15; results/npu/stage3/model_v0_retro/r1.json
NPU,retro_check,outer_fifo_8,2000,8,,,,0,0,TASK15; results/npu/stage3/model_v0_retro/r1.json
NPU,retro_check,outer_fifo_8,2000,8,,,,0,0,TASK15; results/npu/stage3/model_v0_retro/r1.json
NPU,retro_check,outer_fifo_8,,5,,,,1,1,TASK63; results/npu/stage3/model_v0_retro/r1.json
NPU,retro_check,outer_fifo_8,,5,,,,1,1,TASK63; results/npu/stage3/model_v0_retro/r1.json
NPU,retro_check,outer_fifo_8,,6,,,,1,1,TASK63; results/npu/stage3/model_v0_retro/r1.json
NPU,retro_check,outer_fifo_8,,6,,,,1,1,TASK63; results/npu/stage3/model_v0_retro/r1.json
NPU,retro_check,outer_fifo_8,,7,,,,0,0,TASK63; results/npu/stage3/model_v0_retro/r1.json
NPU,retro_check,outer_fifo_8,,7,,,,0,0,TASK63; results/npu/stage3/model_v0_retro/r1.json
NPU,retro_check,outer_fifo_8,,8,,,,0,0,TASK63; results/npu/stage3/model_v0_retro/r1.json
NPU,retro_check,outer_fifo_8,,8,,,,0,0,TASK63; results/npu/stage3/model_v0_retro/r1.json
NPU,code_check,descriptor_v2_prediction,500,0,,1920,,1.0000,,TASK84; experiments/npu/substrate/rbln_ca25_vllm_rbln_0111.py
NPU,code_check,descriptor_v2_prediction,500,1,,1920,,1.0000,,TASK84; experiments/npu/substrate/rbln_ca25_vllm_rbln_0111.py
NPU,code_check,descriptor_v2_prediction,500,2,,1920,,1.0000,,TASK84; experiments/npu/substrate/rbln_ca25_vllm_rbln_0111.py
NPU,code_check,descriptor_v2_prediction,500,3,,1920,,1.0000,,TASK84; experiments/npu/substrate/rbln_ca25_vllm_rbln_0111.py
NPU,code_check,descriptor_v2_prediction,500,4,,1920,,1.0000,,TASK84; experiments/npu/substrate/rbln_ca25_vllm_rbln_0111.py
NPU,code_check,descriptor_v2_prediction,500,5,,1920,,1.0000,,TASK84; experiments/npu/substrate/rbln_ca25_vllm_rbln_0111.py
NPU,code_check,descriptor_v2_prediction,500,6,,1920,,1.0000,,TASK84; experiments/npu/substrate/rbln_ca25_vllm_rbln_0111.py
NPU,code_check,descriptor_v2_prediction,500,7,,0,,0.0000,,TASK84; experiments/npu/substrate/rbln_ca25_vllm_rbln_0111.py
NPU,code_check,descriptor_v2_prediction,500,8,,0,,0.0000,,TASK84; experiments/npu/substrate/rbln_ca25_vllm_rbln_0111.py
NPU,code_check,descriptor_v2_prediction,500,9,,0,,0.0000,,TASK84; experiments/npu/substrate/rbln_ca25_vllm_rbln_0111.py
NPU,code_check,descriptor_v2_prediction,500,10,,0,,0.0000,,TASK84; experiments/npu/substrate/rbln_ca25_vllm_rbln_0111.py
NPU,code_check,descriptor_v2_prediction,1000,0,,1920,,1.0000,,TASK84; experiments/npu/substrate/rbln_ca25_vllm_rbln_0111.py
NPU,code_check,descriptor_v2_prediction,1000,1,,1920,,1.0000,,TASK84; experiments/npu/substrate/rbln_ca25_vllm_rbln_0111.py
NPU,code_check,descriptor_v2_prediction,1000,2,,1920,,1.0000,,TASK84; experiments/npu/substrate/rbln_ca25_vllm_rbln_0111.py
NPU,code_check,descriptor_v2_prediction,1000,3,,1920,,1.0000,,TASK84; experiments/npu/substrate/rbln_ca25_vllm_rbln_0111.py
NPU,code_check,descriptor_v2_prediction,1000,4,,1920,,1.0000,,TASK84; experiments/npu/substrate/rbln_ca25_vllm_rbln_0111.py
NPU,code_check,descriptor_v2_prediction,1000,5,,1920,,1.0000,,TASK84; experiments/npu/substrate/rbln_ca25_vllm_rbln_0111.py
NPU,code_check,descriptor_v2_prediction,1000,6,,1920,,1.0000,,TASK84; experiments/npu/substrate/rbln_ca25_vllm_rbln_0111.py
NPU,code_check,descriptor_v2_prediction,1000,7,,0,,0.0000,,TASK84; experiments/npu/substrate/rbln_ca25_vllm_rbln_0111.py
NPU,code_check,descriptor_v2_prediction,1000,8,,0,,0.0000,,TASK84; experiments/npu/substrate/rbln_ca25_vllm_rbln_0111.py
NPU,code_check,descriptor_v2_prediction,1000,9,,0,,0.0000,,TASK84; experiments/npu/substrate/rbln_ca25_vllm_rbln_0111.py
NPU,code_check,descriptor_v2_prediction,1000,10,,0,,0.0000,,TASK84; experiments/npu/substrate/rbln_ca25_vllm_rbln_0111.py
NPU,code_check,descriptor_v2_prediction,2000,0,,1920,,1.0000,,TASK84; experiments/npu/substrate/rbln_ca25_vllm_rbln_0111.py
NPU,code_check,descriptor_v2_prediction,2000,1,,1920,,1.0000,,TASK84; experiments/npu/substrate/rbln_ca25_vllm_rbln_0111.py
NPU,code_check,descriptor_v2_prediction,2000,2,,1920,,1.0000,,TASK84; experiments/npu/substrate/rbln_ca25_vllm_rbln_0111.py
NPU,code_check,descriptor_v2_prediction,2000,3,,1920,,1.0000,,TASK84; experiments/npu/substrate/rbln_ca25_vllm_rbln_0111.py
NPU,code_check,descriptor_v2_prediction,2000,4,,1920,,1.0000,,TASK84; experiments/npu/substrate/rbln_ca25_vllm_rbln_0111.py
NPU,code_check,descriptor_v2_prediction,2000,5,,1920,,1.0000,,TASK84; experiments/npu/substrate/rbln_ca25_vllm_rbln_0111.py
NPU,code_check,descriptor_v2_prediction,2000,6,,1920,,1.0000,,TASK84; experiments/npu/substrate/rbln_ca25_vllm_rbln_0111.py
NPU,code_check,descriptor_v2_prediction,2000,7,,0,,0.0000,,TASK84; experiments/npu/substrate/rbln_ca25_vllm_rbln_0111.py
NPU,code_check,descriptor_v2_prediction,2000,8,,0,,0.0000,,TASK84; experiments/npu/substrate/rbln_ca25_vllm_rbln_0111.py
NPU,code_check,descriptor_v2_prediction,2000,9,,0,,0.0000,,TASK84; experiments/npu/substrate/rbln_ca25_vllm_rbln_0111.py
NPU,code_check,descriptor_v2_prediction,2000,10,,0,,0.0000,,TASK84; experiments/npu/substrate/rbln_ca25_vllm_rbln_0111.py
NPU,code_check,descriptor_v2_prediction,4000,0,,1920,,1.0000,,TASK84; experiments/npu/substrate/rbln_ca25_vllm_rbln_0111.py
NPU,code_check,descriptor_v2_prediction,4000,1,,1920,,1.0000,,TASK84; experiments/npu/substrate/rbln_ca25_vllm_rbln_0111.py
NPU,code_check,descriptor_v2_prediction,4000,2,,1920,,1.0000,,TASK84; experiments/npu/substrate/rbln_ca25_vllm_rbln_0111.py
NPU,code_check,descriptor_v2_prediction,4000,3,,1920,,1.0000,,TASK84; experiments/npu/substrate/rbln_ca25_vllm_rbln_0111.py
NPU,code_check,descriptor_v2_prediction,4000,4,,1920,,1.0000,,TASK84; experiments/npu/substrate/rbln_ca25_vllm_rbln_0111.py
NPU,code_check,descriptor_v2_prediction,4000,5,,1920,,1.0000,,TASK84; experiments/npu/substrate/rbln_ca25_vllm_rbln_0111.py
NPU,code_check,descriptor_v2_prediction,4000,6,,1920,,1.0000,,TASK84; experiments/npu/substrate/rbln_ca25_vllm_rbln_0111.py
NPU,code_check,descriptor_v2_prediction,4000,7,,0,,0.0000,,TASK84; experiments/npu/substrate/rbln_ca25_vllm_rbln_0111.py
NPU,code_check,descriptor_v2_prediction,4000,8,,0,,0.0000,,TASK84; experiments/npu/substrate/rbln_ca25_vllm_rbln_0111.py
NPU,code_check,descriptor_v2_prediction,4000,9,,0,,0.0000,,TASK84; experiments/npu/substrate/rbln_ca25_vllm_rbln_0111.py
NPU,code_check,descriptor_v2_prediction,4000,10,,0,,0.0000,,TASK84; experiments/npu/substrate/rbln_ca25_vllm_rbln_0111.py
GPU,blind_confirm,(i),0,0,0,2000,2000,1.0000,1.0000,GTASK04; origin/gpu-a6000:experiments/gpu/survival/prediction/predictions.json @ 87731c5; obs origin/gpu-a6000:docs/research/gpu/GTASK04.md @ c7875fb
GPU,blind_confirm,(i),500,10,320,2000,2000,1.0000,1.0000,GTASK04; origin/gpu-a6000:experiments/gpu/survival/prediction/predictions.json @ 87731c5; obs origin/gpu-a6000:docs/research/gpu/GTASK04.md @ c7875fb
GPU,blind_confirm,(i),500,20,640,2000,2000,1.0000,1.0000,GTASK04; origin/gpu-a6000:experiments/gpu/survival/prediction/predictions.json @ 87731c5; obs origin/gpu-a6000:docs/research/gpu/GTASK04.md @ c7875fb
GPU,blind_confirm,(i),500,21,672,2000,2000,1.0000,1.0000,GTASK04; origin/gpu-a6000:experiments/gpu/survival/prediction/predictions.json @ 87731c5; obs origin/gpu-a6000:docs/research/gpu/GTASK04.md @ c7875fb
GPU,blind_confirm,(i),500,22,704,1536,1536,0.7680,0.7680,GTASK04; origin/gpu-a6000:experiments/gpu/survival/prediction/predictions.json @ 87731c5; obs origin/gpu-a6000:docs/research/gpu/GTASK04.md @ c7875fb
GPU,blind_confirm,(i),500,23,736,1024,1024,0.5120,0.5120,GTASK04; origin/gpu-a6000:experiments/gpu/survival/prediction/predictions.json @ 87731c5; obs origin/gpu-a6000:docs/research/gpu/GTASK04.md @ c7875fb
GPU,blind_confirm,(i),500,23,736,1024,1024,0.5120,0.5120,GTASK04; origin/gpu-a6000:experiments/gpu/survival/prediction/predictions.json @ 87731c5; obs origin/gpu-a6000:docs/research/gpu/GTASK04.md @ c7875fb
GPU,blind_confirm,(i),500,23,736,1024,1024,0.5120,0.5120,GTASK04; origin/gpu-a6000:experiments/gpu/survival/prediction/predictions.json @ 87731c5; obs origin/gpu-a6000:docs/research/gpu/GTASK04.md @ c7875fb
GPU,blind_confirm,(i),500,24,768,512,512,0.2560,0.2560,GTASK04; origin/gpu-a6000:experiments/gpu/survival/prediction/predictions.json @ 87731c5; obs origin/gpu-a6000:docs/research/gpu/GTASK04.md @ c7875fb
GPU,blind_confirm,(i),500,25,800,0,0,0.0000,0.0000,GTASK04; origin/gpu-a6000:experiments/gpu/survival/prediction/predictions.json @ 87731c5; obs origin/gpu-a6000:docs/research/gpu/GTASK04.md @ c7875fb
GPU,blind_confirm,(i),500,26,832,0,0,0.0000,0.0000,GTASK04; origin/gpu-a6000:experiments/gpu/survival/prediction/predictions.json @ 87731c5; obs origin/gpu-a6000:docs/research/gpu/GTASK04.md @ c7875fb
GPU,blind_confirm,(i),500,30,960,0,0,0.0000,0.0000,GTASK04; origin/gpu-a6000:experiments/gpu/survival/prediction/predictions.json @ 87731c5; obs origin/gpu-a6000:docs/research/gpu/GTASK04.md @ c7875fb
GPU,blind_confirm,(i),500,40,1280,0,0,0.0000,0.0000,GTASK04; origin/gpu-a6000:experiments/gpu/survival/prediction/predictions.json @ 87731c5; obs origin/gpu-a6000:docs/research/gpu/GTASK04.md @ c7875fb
GPU,blind_confirm,(i),1000,5,315,2000,2000,1.0000,1.0000,GTASK04; origin/gpu-a6000:experiments/gpu/survival/prediction/predictions.json @ 87731c5; obs origin/gpu-a6000:docs/research/gpu/GTASK04.md @ c7875fb
GPU,blind_confirm,(i),1000,10,630,2000,2000,1.0000,1.0000,GTASK04; origin/gpu-a6000:experiments/gpu/survival/prediction/predictions.json @ 87731c5; obs origin/gpu-a6000:docs/research/gpu/GTASK04.md @ c7875fb
GPU,blind_confirm,(i),1000,11,693,1712,1712,0.8560,0.8560,GTASK04; origin/gpu-a6000:experiments/gpu/survival/prediction/predictions.json @ 87731c5; obs origin/gpu-a6000:docs/research/gpu/GTASK04.md @ c7875fb
GPU,blind_confirm,(i),1000,12,756,704,704,0.3520,0.3520,GTASK04; origin/gpu-a6000:experiments/gpu/survival/prediction/predictions.json @ 87731c5; obs origin/gpu-a6000:docs/research/gpu/GTASK04.md @ c7875fb
GPU,blind_confirm,(i),1000,13,819,0,0,0.0000,0.0000,GTASK04; origin/gpu-a6000:experiments/gpu/survival/prediction/predictions.json @ 87731c5; obs origin/gpu-a6000:docs/research/gpu/GTASK04.md @ c7875fb
GPU,blind_confirm,(i),1000,14,882,0,0,0.0000,0.0000,GTASK04; origin/gpu-a6000:experiments/gpu/survival/prediction/predictions.json @ 87731c5; obs origin/gpu-a6000:docs/research/gpu/GTASK04.md @ c7875fb
GPU,blind_confirm,(i),1000,20,1260,0,0,0.0000,0.0000,GTASK04; origin/gpu-a6000:experiments/gpu/survival/prediction/predictions.json @ 87731c5; obs origin/gpu-a6000:docs/research/gpu/GTASK04.md @ c7875fb
GPU,blind_confirm,(i),2000,3,378,2000,2000,1.0000,1.0000,GTASK04; origin/gpu-a6000:experiments/gpu/survival/prediction/predictions.json @ 87731c5; obs origin/gpu-a6000:docs/research/gpu/GTASK04.md @ c7875fb
GPU,blind_confirm,(i),2000,5,630,2000,2000,1.0000,1.0000,GTASK04; origin/gpu-a6000:experiments/gpu/survival/prediction/predictions.json @ 87731c5; obs origin/gpu-a6000:docs/research/gpu/GTASK04.md @ c7875fb
GPU,blind_confirm,(i),2000,6,756,704,704,0.3520,0.3520,GTASK04; origin/gpu-a6000:experiments/gpu/survival/prediction/predictions.json @ 87731c5; obs origin/gpu-a6000:docs/research/gpu/GTASK04.md @ c7875fb
GPU,blind_confirm,(i),2000,6,756,704,704,0.3520,0.3520,GTASK04; origin/gpu-a6000:experiments/gpu/survival/prediction/predictions.json @ 87731c5; obs origin/gpu-a6000:docs/research/gpu/GTASK04.md @ c7875fb
GPU,blind_confirm,(i),2000,6,756,704,704,0.3520,0.3520,GTASK04; origin/gpu-a6000:experiments/gpu/survival/prediction/predictions.json @ 87731c5; obs origin/gpu-a6000:docs/research/gpu/GTASK04.md @ c7875fb
GPU,blind_confirm,(i),2000,7,882,0,0,0.0000,0.0000,GTASK04; origin/gpu-a6000:experiments/gpu/survival/prediction/predictions.json @ 87731c5; obs origin/gpu-a6000:docs/research/gpu/GTASK04.md @ c7875fb
GPU,blind_confirm,(i),2000,8,1008,0,0,0.0000,0.0000,GTASK04; origin/gpu-a6000:experiments/gpu/survival/prediction/predictions.json @ 87731c5; obs origin/gpu-a6000:docs/research/gpu/GTASK04.md @ c7875fb
GPU,blind_confirm,(i),2000,10,1260,0,0,0.0000,0.0000,GTASK04; origin/gpu-a6000:experiments/gpu/survival/prediction/predictions.json @ 87731c5; obs origin/gpu-a6000:docs/research/gpu/GTASK04.md @ c7875fb
GPU,blind_confirm,(i),4000,2,502,2000,2000,1.0000,1.0000,GTASK04; origin/gpu-a6000:experiments/gpu/survival/prediction/predictions.json @ 87731c5; obs origin/gpu-a6000:docs/research/gpu/GTASK04.md @ c7875fb
GPU,blind_confirm,(i),4000,3,753,752,752,0.3760,0.3760,GTASK04; origin/gpu-a6000:experiments/gpu/survival/prediction/predictions.json @ 87731c5; obs origin/gpu-a6000:docs/research/gpu/GTASK04.md @ c7875fb
GPU,blind_confirm,(i),4000,4,1004,0,0,0.0000,0.0000,GTASK04; origin/gpu-a6000:experiments/gpu/survival/prediction/predictions.json @ 87731c5; obs origin/gpu-a6000:docs/research/gpu/GTASK04.md @ c7875fb
GPU,blind_confirm,(i),4000,5,1255,0,0,0.0000,0.0000,GTASK04; origin/gpu-a6000:experiments/gpu/survival/prediction/predictions.json @ 87731c5; obs origin/gpu-a6000:docs/research/gpu/GTASK04.md @ c7875fb
GPU,blind_confirm,(ii),0,0,0,2016,2016,1.0000,1.0000,GTASK04; origin/gpu-a6000:experiments/gpu/survival/prediction/predictions.json @ 87731c5; obs origin/gpu-a6000:docs/research/gpu/GTASK04.md @ c7875fb
GPU,blind_confirm,(ii),500,10,320,2016,2016,1.0000,1.0000,GTASK04; origin/gpu-a6000:experiments/gpu/survival/prediction/predictions.json @ 87731c5; obs origin/gpu-a6000:docs/research/gpu/GTASK04.md @ c7875fb
GPU,blind_confirm,(ii),500,20,640,2016,2016,1.0000,1.0000,GTASK04; origin/gpu-a6000:experiments/gpu/survival/prediction/predictions.json @ 87731c5; obs origin/gpu-a6000:docs/research/gpu/GTASK04.md @ c7875fb
GPU,blind_confirm,(ii),500,21,672,2016,2016,1.0000,1.0000,GTASK04; origin/gpu-a6000:experiments/gpu/survival/prediction/predictions.json @ 87731c5; obs origin/gpu-a6000:docs/research/gpu/GTASK04.md @ c7875fb
GPU,blind_confirm,(ii),500,22,704,1536,1536,0.7619,0.7619,GTASK04; origin/gpu-a6000:experiments/gpu/survival/prediction/predictions.json @ 87731c5; obs origin/gpu-a6000:docs/research/gpu/GTASK04.md @ c7875fb
GPU,blind_confirm,(ii),500,23,736,1024,1024,0.5079,0.5079,GTASK04; origin/gpu-a6000:experiments/gpu/survival/prediction/predictions.json @ 87731c5; obs origin/gpu-a6000:docs/research/gpu/GTASK04.md @ c7875fb
GPU,blind_confirm,(ii),500,24,768,512,512,0.2540,0.2540,GTASK04; origin/gpu-a6000:experiments/gpu/survival/prediction/predictions.json @ 87731c5; obs origin/gpu-a6000:docs/research/gpu/GTASK04.md @ c7875fb
GPU,blind_confirm,(ii),500,25,800,0,0,0.0000,0.0000,GTASK04; origin/gpu-a6000:experiments/gpu/survival/prediction/predictions.json @ 87731c5; obs origin/gpu-a6000:docs/research/gpu/GTASK04.md @ c7875fb
GPU,blind_confirm,(ii),500,26,832,0,0,0.0000,0.0000,GTASK04; origin/gpu-a6000:experiments/gpu/survival/prediction/predictions.json @ 87731c5; obs origin/gpu-a6000:docs/research/gpu/GTASK04.md @ c7875fb
GPU,blind_confirm,(ii),500,30,960,0,0,0.0000,0.0000,GTASK04; origin/gpu-a6000:experiments/gpu/survival/prediction/predictions.json @ 87731c5; obs origin/gpu-a6000:docs/research/gpu/GTASK04.md @ c7875fb
GPU,blind_confirm,(ii),500,40,1280,0,0,0.0000,0.0000,GTASK04; origin/gpu-a6000:experiments/gpu/survival/prediction/predictions.json @ 87731c5; obs origin/gpu-a6000:docs/research/gpu/GTASK04.md @ c7875fb
GPU,blind_confirm,(ii),1000,5,315,2016,2016,1.0000,1.0000,GTASK04; origin/gpu-a6000:experiments/gpu/survival/prediction/predictions.json @ 87731c5; obs origin/gpu-a6000:docs/research/gpu/GTASK04.md @ c7875fb
GPU,blind_confirm,(ii),1000,10,630,2016,2016,1.0000,1.0000,GTASK04; origin/gpu-a6000:experiments/gpu/survival/prediction/predictions.json @ 87731c5; obs origin/gpu-a6000:docs/research/gpu/GTASK04.md @ c7875fb
GPU,blind_confirm,(ii),1000,11,693,1712,1712,0.8492,0.8492,GTASK04; origin/gpu-a6000:experiments/gpu/survival/prediction/predictions.json @ 87731c5; obs origin/gpu-a6000:docs/research/gpu/GTASK04.md @ c7875fb
GPU,blind_confirm,(ii),1000,12,756,704,704,0.3492,0.3492,GTASK04; origin/gpu-a6000:experiments/gpu/survival/prediction/predictions.json @ 87731c5; obs origin/gpu-a6000:docs/research/gpu/GTASK04.md @ c7875fb
GPU,blind_confirm,(ii),1000,13,819,0,0,0.0000,0.0000,GTASK04; origin/gpu-a6000:experiments/gpu/survival/prediction/predictions.json @ 87731c5; obs origin/gpu-a6000:docs/research/gpu/GTASK04.md @ c7875fb
GPU,blind_confirm,(ii),1000,14,882,0,0,0.0000,0.0000,GTASK04; origin/gpu-a6000:experiments/gpu/survival/prediction/predictions.json @ 87731c5; obs origin/gpu-a6000:docs/research/gpu/GTASK04.md @ c7875fb
GPU,blind_confirm,(ii),1000,20,1260,0,0,0.0000,0.0000,GTASK04; origin/gpu-a6000:experiments/gpu/survival/prediction/predictions.json @ 87731c5; obs origin/gpu-a6000:docs/research/gpu/GTASK04.md @ c7875fb
GPU,blind_confirm,(ii),2000,3,378,2016,2016,1.0000,1.0000,GTASK04; origin/gpu-a6000:experiments/gpu/survival/prediction/predictions.json @ 87731c5; obs origin/gpu-a6000:docs/research/gpu/GTASK04.md @ c7875fb
GPU,blind_confirm,(ii),2000,5,630,2016,2016,1.0000,1.0000,GTASK04; origin/gpu-a6000:experiments/gpu/survival/prediction/predictions.json @ 87731c5; obs origin/gpu-a6000:docs/research/gpu/GTASK04.md @ c7875fb
GPU,blind_confirm,(ii),2000,6,756,704,704,0.3492,0.3492,GTASK04; origin/gpu-a6000:experiments/gpu/survival/prediction/predictions.json @ 87731c5; obs origin/gpu-a6000:docs/research/gpu/GTASK04.md @ c7875fb
GPU,blind_confirm,(ii),2000,7,882,0,0,0.0000,0.0000,GTASK04; origin/gpu-a6000:experiments/gpu/survival/prediction/predictions.json @ 87731c5; obs origin/gpu-a6000:docs/research/gpu/GTASK04.md @ c7875fb
GPU,blind_confirm,(ii),2000,8,1008,0,0,0.0000,0.0000,GTASK04; origin/gpu-a6000:experiments/gpu/survival/prediction/predictions.json @ 87731c5; obs origin/gpu-a6000:docs/research/gpu/GTASK04.md @ c7875fb
GPU,blind_confirm,(ii),2000,10,1260,0,0,0.0000,0.0000,GTASK04; origin/gpu-a6000:experiments/gpu/survival/prediction/predictions.json @ 87731c5; obs origin/gpu-a6000:docs/research/gpu/GTASK04.md @ c7875fb
GPU,blind_confirm,(ii),4000,2,502,2016,2016,1.0000,1.0000,GTASK04; origin/gpu-a6000:experiments/gpu/survival/prediction/predictions.json @ 87731c5; obs origin/gpu-a6000:docs/research/gpu/GTASK04.md @ c7875fb
GPU,blind_confirm,(ii),4000,3,753,752,752,0.3730,0.3730,GTASK04; origin/gpu-a6000:experiments/gpu/survival/prediction/predictions.json @ 87731c5; obs origin/gpu-a6000:docs/research/gpu/GTASK04.md @ c7875fb
GPU,blind_confirm,(ii),4000,4,1004,0,0,0.0000,0.0000,GTASK04; origin/gpu-a6000:experiments/gpu/survival/prediction/predictions.json @ 87731c5; obs origin/gpu-a6000:docs/research/gpu/GTASK04.md @ c7875fb
GPU,blind_confirm,(ii),4000,5,1255,0,0,0.0000,0.0000,GTASK04; origin/gpu-a6000:experiments/gpu/survival/prediction/predictions.json @ 87731c5; obs origin/gpu-a6000:docs/research/gpu/GTASK04.md @ c7875fb
