substrate,N,config,metric,predictor,value,ci_lo,ci_hi,population,source,cell_set
NPU,6,BASE,reuse,observed,0.8199,,,blind_confirm_cell,TASK82; results/npu/stage3/20260930-main/main_verdict.json,TASK82
NPU,6,BASE,reuse,analytic_v1,0.8251,,,blind_confirm_cell,TASK82; results/npu/stage3/20260930-main/main_verdict.json,TASK82
NPU,6,BASE,reuse,sim_default,0.8267,,,blind_confirm_cell,TASK82; results/npu/stage3/20260930-main/main_verdict.json,TASK82
NPU,6,BASE,reuse,sim_observed,0.8267,,,blind_confirm_cell,TASK82; results/npu/stage3/20260930-main/main_verdict.json,TASK82
NPU,6,BASE,reuse,v1.1,0.8331,,,post_hoc,TASK82; results/npu/stage3/20260930-main/main_verdict.json,TASK82
NPU,6,BASE,reuse,null,0.6764,,,blind_confirm_cell,TASK82; results/npu/stage3/20260930-main/main_verdict.json,TASK82
NPU,6,BATCHONLY,ratio_to_BASE,observed,0.9904,0.9547,1.0034,blind_confirm_cell,TASK82; results/npu/stage3/20260930-main/main_verdict.json,TASK82
NPU,6,BATCHONLY,ratio_to_BASE,analytic_v1,0.9834,,,blind_confirm_cell,TASK82; results/npu/stage3/20260930-main/main_verdict.json,TASK82
NPU,6,BATCHONLY,ratio_to_BASE,sim_default,0.9941,,,blind_confirm_cell,TASK82; results/npu/stage3/20260930-main/main_verdict.json,TASK82
NPU,6,BATCHONLY,ratio_to_BASE,sim_observed,0.9941,,,blind_confirm_cell,TASK82; results/npu/stage3/20260930-main/main_verdict.json,TASK82
NPU,6,BATCHONLY,ratio_to_BASE,v1.1,0.9850,,,post_hoc,TASK82; results/npu/stage3/20260930-main/main_verdict.json,TASK82
NPU,6,BATCHONLY,ratio_to_BASE,null,1.0000,,,blind_confirm_cell,TASK82; results/npu/stage3/20260930-main/main_verdict.json,TASK82
NPU,6,TUNED,ratio_to_BASE,observed,0.9826,0.9501,1.0121,blind_confirm_cell,TASK82; results/npu/stage3/20260930-main/main_verdict.json,TASK82
NPU,6,TUNED,ratio_to_BASE,analytic_v1,0.9876,,,blind_confirm_cell,TASK82; results/npu/stage3/20260930-main/main_verdict.json,TASK82
NPU,6,TUNED,ratio_to_BASE,sim_default,0.9898,,,blind_confirm_cell,TASK82; results/npu/stage3/20260930-main/main_verdict.json,TASK82
NPU,6,TUNED,ratio_to_BASE,sim_observed,0.9898,,,blind_confirm_cell,TASK82; results/npu/stage3/20260930-main/main_verdict.json,TASK82
NPU,6,TUNED,ratio_to_BASE,v1.1,0.9890,,,post_hoc,TASK82; results/npu/stage3/20260930-main/main_verdict.json,TASK82
NPU,6,TUNED,ratio_to_BASE,null,1.0000,,,blind_confirm_cell,TASK82; results/npu/stage3/20260930-main/main_verdict.json,TASK82
NPU,8,BASE,reuse,observed,0.7784,,,blind_confirm_cell,TASK82; results/npu/stage3/20260930-main/main_verdict.json,TASK82
NPU,8,BASE,reuse,analytic_v1,0.7358,,,blind_confirm_cell,TASK82; results/npu/stage3/20260930-main/main_verdict.json,TASK82
NPU,8,BASE,reuse,sim_default,0.7800,,,blind_confirm_cell,TASK82; results/npu/stage3/20260930-main/main_verdict.json,TASK82
NPU,8,BASE,reuse,sim_observed,0.7786,,,blind_confirm_cell,TASK82; results/npu/stage3/20260930-main/main_verdict.json,TASK82
NPU,8,BASE,reuse,v1.1,0.7700,,,post_hoc,TASK82; results/npu/stage3/20260930-main/main_verdict.json,TASK82
NPU,8,BASE,reuse,null,0.6764,,,blind_confirm_cell,TASK82; results/npu/stage3/20260930-main/main_verdict.json,TASK82
NPU,8,BATCHONLY,ratio_to_BASE,observed,0.9796,0.9614,0.9810,blind_confirm_cell,TASK82; results/npu/stage3/20260930-main/main_verdict.json,TASK82
NPU,8,BATCHONLY,ratio_to_BASE,analytic_v1,0.9716,,,blind_confirm_cell,TASK82; results/npu/stage3/20260930-main/main_verdict.json,TASK82
NPU,8,BATCHONLY,ratio_to_BASE,sim_default,0.9825,,,blind_confirm_cell,TASK82; results/npu/stage3/20260930-main/main_verdict.json,TASK82
NPU,8,BATCHONLY,ratio_to_BASE,sim_observed,0.9825,,,blind_confirm_cell,TASK82; results/npu/stage3/20260930-main/main_verdict.json,TASK82
NPU,8,BATCHONLY,ratio_to_BASE,v1.1,0.9781,,,post_hoc,TASK82; results/npu/stage3/20260930-main/main_verdict.json,TASK82
NPU,8,BATCHONLY,ratio_to_BASE,null,1.0000,,,blind_confirm_cell,TASK82; results/npu/stage3/20260930-main/main_verdict.json,TASK82
NPU,8,TUNED,ratio_to_BASE,observed,0.9722,0.9603,0.9987,blind_confirm_cell,TASK82; results/npu/stage3/20260930-main/main_verdict.json,TASK82
NPU,8,TUNED,ratio_to_BASE,analytic_v1,0.9687,,,blind_confirm_cell,TASK82; results/npu/stage3/20260930-main/main_verdict.json,TASK82
NPU,8,TUNED,ratio_to_BASE,sim_default,0.9839,,,blind_confirm_cell,TASK82; results/npu/stage3/20260930-main/main_verdict.json,TASK82
NPU,8,TUNED,ratio_to_BASE,sim_observed,0.9839,,,blind_confirm_cell,TASK82; results/npu/stage3/20260930-main/main_verdict.json,TASK82
NPU,8,TUNED,ratio_to_BASE,v1.1,0.9751,,,post_hoc,TASK82; results/npu/stage3/20260930-main/main_verdict.json,TASK82
NPU,8,TUNED,ratio_to_BASE,null,1.0000,,,blind_confirm_cell,TASK82; results/npu/stage3/20260930-main/main_verdict.json,TASK82
NPU,8,DP,ratio_to_BASE,observed,0.9725,0.9523,0.9780,blind_confirm_cell,TASK82; results/npu/stage3/20260930-main/main_verdict.json,TASK82
NPU,8,DP,ratio_to_BASE,analytic_v1,0.9649,,,blind_confirm_cell,TASK82; results/npu/stage3/20260930-main/main_verdict.json,TASK82
NPU,8,DP,ratio_to_BASE,sim_default,0.9713,,,blind_confirm_cell,TASK82; results/npu/stage3/20260930-main/main_verdict.json,TASK82
NPU,8,DP,ratio_to_BASE,sim_observed,0.9713,,,blind_confirm_cell,TASK82; results/npu/stage3/20260930-main/main_verdict.json,TASK82
NPU,8,DP,ratio_to_BASE,v1.1,0.9713,,,post_hoc,TASK82; results/npu/stage3/20260930-main/main_verdict.json,TASK82
NPU,8,DP,ratio_to_BASE,null,1.0000,,,blind_confirm_cell,TASK82; results/npu/stage3/20260930-main/main_verdict.json,TASK82
NPU,10,BASE,reuse,observed,0.6987,,,blind_confirm_cell,TASK82; results/npu/stage3/20260930-main/main_verdict.json,TASK82
NPU,10,BASE,reuse,analytic_v1,0.6342,,,blind_confirm_cell,TASK82; results/npu/stage3/20260930-main/main_verdict.json,TASK82
NPU,10,BASE,reuse,sim_default,0.6969,,,blind_confirm_cell,TASK82; results/npu/stage3/20260930-main/main_verdict.json,TASK82
NPU,10,BASE,reuse,sim_observed,0.6966,,,blind_confirm_cell,TASK82; results/npu/stage3/20260930-main/main_verdict.json,TASK82
NPU,10,BASE,reuse,v1.1,0.6975,,,post_hoc,TASK82; results/npu/stage3/20260930-main/main_verdict.json,TASK82
NPU,10,BASE,reuse,null,0.6764,,,blind_confirm_cell,TASK82; results/npu/stage3/20260930-main/main_verdict.json,TASK82
NPU,10,BATCHONLY,ratio_to_BASE,observed,0.9634,0.9123,0.9858,blind_confirm_cell,TASK82; results/npu/stage3/20260930-main/main_verdict.json,TASK82
NPU,10,BATCHONLY,ratio_to_BASE,analytic_v1,0.9534,,,blind_confirm_cell,TASK82; results/npu/stage3/20260930-main/main_verdict.json,TASK82
NPU,10,BATCHONLY,ratio_to_BASE,sim_default,0.9689,,,blind_confirm_cell,TASK82; results/npu/stage3/20260930-main/main_verdict.json,TASK82
NPU,10,BATCHONLY,ratio_to_BASE,sim_observed,0.9649,,,blind_confirm_cell,TASK82; results/npu/stage3/20260930-main/main_verdict.json,TASK82
NPU,10,BATCHONLY,ratio_to_BASE,v1.1,0.9660,,,post_hoc,TASK82; results/npu/stage3/20260930-main/main_verdict.json,TASK82
NPU,10,BATCHONLY,ratio_to_BASE,null,1.0000,,,blind_confirm_cell,TASK82; results/npu/stage3/20260930-main/main_verdict.json,TASK82
NPU,10,TUNED,ratio_to_BASE,observed,0.9523,0.9043,0.9785,blind_confirm_cell,TASK82; results/npu/stage3/20260930-main/main_verdict.json,TASK82
NPU,10,TUNED,ratio_to_BASE,analytic_v1,0.9451,,,blind_confirm_cell,TASK82; results/npu/stage3/20260930-main/main_verdict.json,TASK82
NPU,10,TUNED,ratio_to_BASE,sim_default,0.9593,,,blind_confirm_cell,TASK82; results/npu/stage3/20260930-main/main_verdict.json,TASK82
NPU,10,TUNED,ratio_to_BASE,sim_observed,0.9553,,,blind_confirm_cell,TASK82; results/npu/stage3/20260930-main/main_verdict.json,TASK82
NPU,10,TUNED,ratio_to_BASE,v1.1,0.9576,,,post_hoc,TASK82; results/npu/stage3/20260930-main/main_verdict.json,TASK82
NPU,10,TUNED,ratio_to_BASE,null,1.0000,,,blind_confirm_cell,TASK82; results/npu/stage3/20260930-main/main_verdict.json,TASK82
NPU,12,BASE,reuse,observed,0.4837,,,blind_exploratory_cell,TASK82; results/npu/stage3/20260930-main/main_verdict.json,TASK82
NPU,12,BASE,reuse,analytic_v1,0.4039,,,blind_exploratory_cell,TASK82; results/npu/stage3/20260930-main/main_verdict.json,TASK82
NPU,12,BASE,reuse,sim_default,0.4848,,,blind_exploratory_cell,TASK82; results/npu/stage3/20260930-main/main_verdict.json,TASK82
NPU,12,BASE,reuse,sim_observed,0.5068,,,blind_exploratory_cell,TASK82; results/npu/stage3/20260930-main/main_verdict.json,TASK82
NPU,12,BASE,reuse,v1.1,0.4358,,,dev_set,TASK82; results/npu/stage3/20260930-main/main_verdict.json,TASK82
NPU,12,BASE,reuse,null,0.6764,,,blind_exploratory_cell,TASK82; results/npu/stage3/20260930-main/main_verdict.json,TASK82
NPU,12,BATCHONLY,ratio_to_BASE,observed,0.8441,0.7905,0.9571,blind_exploratory_cell,TASK82; results/npu/stage3/20260930-main/main_verdict.json,TASK82
NPU,12,BATCHONLY,ratio_to_BASE,analytic_v1,0.8905,,,blind_exploratory_cell,TASK82; results/npu/stage3/20260930-main/main_verdict.json,TASK82
NPU,12,BATCHONLY,ratio_to_BASE,sim_default,0.8755,,,blind_exploratory_cell,TASK82; results/npu/stage3/20260930-main/main_verdict.json,TASK82
NPU,12,BATCHONLY,ratio_to_BASE,sim_observed,0.8828,,,blind_exploratory_cell,TASK82; results/npu/stage3/20260930-main/main_verdict.json,TASK82
NPU,12,BATCHONLY,ratio_to_BASE,v1.1,0.8944,,,dev_set,TASK82; results/npu/stage3/20260930-main/main_verdict.json,TASK82
NPU,12,BATCHONLY,ratio_to_BASE,null,1.0000,,,blind_exploratory_cell,TASK82; results/npu/stage3/20260930-main/main_verdict.json,TASK82
NPU,12,TUNED,ratio_to_BASE,observed,0.8296,0.7655,0.9528,blind_exploratory_cell,TASK82; results/npu/stage3/20260930-main/main_verdict.json,TASK82
NPU,12,TUNED,ratio_to_BASE,analytic_v1,0.8751,,,blind_exploratory_cell,TASK82; results/npu/stage3/20260930-main/main_verdict.json,TASK82
NPU,12,TUNED,ratio_to_BASE,sim_default,0.8565,,,blind_exploratory_cell,TASK82; results/npu/stage3/20260930-main/main_verdict.json,TASK82
NPU,12,TUNED,ratio_to_BASE,sim_observed,0.8637,,,blind_exploratory_cell,TASK82; results/npu/stage3/20260930-main/main_verdict.json,TASK82
NPU,12,TUNED,ratio_to_BASE,v1.1,0.8793,,,dev_set,TASK82; results/npu/stage3/20260930-main/main_verdict.json,TASK82
NPU,12,TUNED,ratio_to_BASE,null,1.0000,,,blind_exploratory_cell,TASK82; results/npu/stage3/20260930-main/main_verdict.json,TASK82
NPU,14,BASE,reuse,observed,0.2981,,,blind_confirm_cell,TASK87; results/npu/stage3/20261001-hiload/hiload_verdict.json,TASK87
NPU,14,BASE,reuse,v1.1,0.1735,,,blind_confirm_cell,TASK87; results/npu/stage3/20261001-hiload/hiload_verdict.json,TASK87
NPU,14,BASE,reuse,analytic_v1,0.3292,,,blind_confirm_cell,TASK87; results/npu/stage3/20261001-hiload/hiload_verdict.json,TASK87
NPU,14,BASE,reuse,sim_descriptor,0.3299,,,blind_confirm_cell,TASK87; results/npu/stage3/20261001-hiload/hiload_verdict.json,TASK87
NPU,14,BASE,reuse,null,0.6764,,,blind_confirm_cell,TASK87; results/npu/stage3/20261001-hiload/hiload_verdict.json,TASK87
NPU,14,BATCHONLY,ratio_to_BASE,observed,0.8000,0.7526,0.9232,blind_confirm_cell,TASK87; results/npu/stage3/20261001-hiload/hiload_verdict.json,TASK87
NPU,14,BATCHONLY,ratio_to_BASE,v1.1,0.8057,,,blind_confirm_cell,TASK87; results/npu/stage3/20261001-hiload/hiload_verdict.json,TASK87
NPU,14,BATCHONLY,ratio_to_BASE,analytic_v1,0.8569,,,blind_confirm_cell,TASK87; results/npu/stage3/20261001-hiload/hiload_verdict.json,TASK87
NPU,14,BATCHONLY,ratio_to_BASE,sim_descriptor,0.8321,,,blind_confirm_cell,TASK87; results/npu/stage3/20261001-hiload/hiload_verdict.json,TASK87
NPU,14,BATCHONLY,ratio_to_BASE,null,1.0000,,,blind_confirm_cell,TASK87; results/npu/stage3/20261001-hiload/hiload_verdict.json,TASK87
NPU,14,TUNED,ratio_to_BASE,observed,0.7593,0.7298,0.8914,blind_confirm_cell,TASK87; results/npu/stage3/20261001-hiload/hiload_verdict.json,TASK87
NPU,14,TUNED,ratio_to_BASE,v1.1,0.7861,,,blind_confirm_cell,TASK87; results/npu/stage3/20261001-hiload/hiload_verdict.json,TASK87
NPU,14,TUNED,ratio_to_BASE,analytic_v1,0.8350,,,blind_confirm_cell,TASK87; results/npu/stage3/20261001-hiload/hiload_verdict.json,TASK87
NPU,14,TUNED,ratio_to_BASE,sim_descriptor,0.8108,,,blind_confirm_cell,TASK87; results/npu/stage3/20261001-hiload/hiload_verdict.json,TASK87
NPU,14,TUNED,ratio_to_BASE,null,1.0000,,,blind_confirm_cell,TASK87; results/npu/stage3/20261001-hiload/hiload_verdict.json,TASK87
NPU,16,BASE,reuse,observed,0.1650,,,blind_confirm_cell,TASK87; results/npu/stage3/20261001-hiload/hiload_verdict.json,TASK87
NPU,16,BASE,reuse,v1.1,0.0682,,,blind_confirm_cell,TASK87; results/npu/stage3/20261001-hiload/hiload_verdict.json,TASK87
NPU,16,BASE,reuse,analytic_v1,0.3051,,,blind_confirm_cell,TASK87; results/npu/stage3/20261001-hiload/hiload_verdict.json,TASK87
NPU,16,BASE,reuse,sim_descriptor,0.1912,,,blind_confirm_cell,TASK87; results/npu/stage3/20261001-hiload/hiload_verdict.json,TASK87
NPU,16,BASE,reuse,null,0.6764,,,blind_confirm_cell,TASK87; results/npu/stage3/20261001-hiload/hiload_verdict.json,TASK87
NPU,16,BATCHONLY,ratio_to_BASE,observed,0.7337,0.7099,0.8611,blind_confirm_cell,TASK87; results/npu/stage3/20261001-hiload/hiload_verdict.json,TASK87
NPU,16,BATCHONLY,ratio_to_BASE,v1.1,0.7525,,,blind_confirm_cell,TASK87; results/npu/stage3/20261001-hiload/hiload_verdict.json,TASK87
NPU,16,BATCHONLY,ratio_to_BASE,analytic_v1,0.8383,,,blind_confirm_cell,TASK87; results/npu/stage3/20261001-hiload/hiload_verdict.json,TASK87
NPU,16,BATCHONLY,ratio_to_BASE,sim_descriptor,0.7804,,,blind_confirm_cell,TASK87; results/npu/stage3/20261001-hiload/hiload_verdict.json,TASK87
NPU,16,BATCHONLY,ratio_to_BASE,null,1.0000,,,blind_confirm_cell,TASK87; results/npu/stage3/20261001-hiload/hiload_verdict.json,TASK87
NPU,16,TUNED,ratio_to_BASE,observed,0.6955,0.6778,0.8489,blind_confirm_cell,TASK87; results/npu/stage3/20261001-hiload/hiload_verdict.json,TASK87
NPU,16,TUNED,ratio_to_BASE,v1.1,0.7316,,,blind_confirm_cell,TASK87; results/npu/stage3/20261001-hiload/hiload_verdict.json,TASK87
NPU,16,TUNED,ratio_to_BASE,analytic_v1,0.8167,,,blind_confirm_cell,TASK87; results/npu/stage3/20261001-hiload/hiload_verdict.json,TASK87
NPU,16,TUNED,ratio_to_BASE,sim_descriptor,0.7544,,,blind_confirm_cell,TASK87; results/npu/stage3/20261001-hiload/hiload_verdict.json,TASK87
NPU,16,TUNED,ratio_to_BASE,null,1.0000,,,blind_confirm_cell,TASK87; results/npu/stage3/20261001-hiload/hiload_verdict.json,TASK87
NPU,13,BASE,reuse,observed,0.4186,,,blind_confirm_cell,TASK95; results/npu/stage3/20261002-simblind/simblind_verdict.json,TASK95
NPU,13,BASE,reuse,sim_opcost,0.4272,,,blind_confirm_cell,TASK95; results/npu/stage3/20261002-simblind/simblind_verdict.json,TASK95
NPU,13,BASE,reuse,sim_descriptor,0.4613,,,blind_confirm_cell,TASK95; results/npu/stage3/20261002-simblind/simblind_verdict.json,TASK95
NPU,13,BASE,reuse,analytic_v1,0.3692,,,reference_out_of_scope,TASK95; results/npu/stage3/20261002-simblind/simblind_verdict.json,TASK95
NPU,13,BASE,reuse,null,0.6764,,,blind_confirm_cell,TASK95; results/npu/stage3/20261002-simblind/simblind_verdict.json,TASK95
NPU,13,BATCHONLY,ratio_to_BASE,observed,0.8746,0.8056,0.9532,blind_confirm_cell,TASK95; results/npu/stage3/20261002-simblind/simblind_verdict.json,TASK95
NPU,13,BATCHONLY,ratio_to_BASE,sim_opcost,0.8901,,,blind_confirm_cell,TASK95; results/npu/stage3/20261002-simblind/simblind_verdict.json,TASK95
NPU,13,BATCHONLY,ratio_to_BASE,sim_descriptor,0.9029,,,blind_confirm_cell,TASK95; results/npu/stage3/20261002-simblind/simblind_verdict.json,TASK95
NPU,13,BATCHONLY,ratio_to_BASE,analytic_v1,0.8834,,,reference_in_scope,TASK95; results/npu/stage3/20261002-simblind/simblind_verdict.json,TASK95
NPU,13,BATCHONLY,ratio_to_BASE,null,1.0000,,,blind_confirm_cell,TASK95; results/npu/stage3/20261002-simblind/simblind_verdict.json,TASK95
NPU,13,TUNED,ratio_to_BASE,observed,0.8614,0.7702,0.9220,blind_confirm_cell,TASK95; results/npu/stage3/20261002-simblind/simblind_verdict.json,TASK95
NPU,13,TUNED,ratio_to_BASE,sim_opcost,0.8825,,,blind_confirm_cell,TASK95; results/npu/stage3/20261002-simblind/simblind_verdict.json,TASK95
NPU,13,TUNED,ratio_to_BASE,sim_descriptor,0.8942,,,blind_confirm_cell,TASK95; results/npu/stage3/20261002-simblind/simblind_verdict.json,TASK95
NPU,13,TUNED,ratio_to_BASE,analytic_v1,0.8669,,,reference_in_scope,TASK95; results/npu/stage3/20261002-simblind/simblind_verdict.json,TASK95
NPU,13,TUNED,ratio_to_BASE,null,1.0000,,,blind_confirm_cell,TASK95; results/npu/stage3/20261002-simblind/simblind_verdict.json,TASK95
NPU,17,BASE,reuse,observed,0.0471,,,blind_confirm_cell,TASK95; results/npu/stage3/20261002-simblind/simblind_verdict.json,TASK95
NPU,17,BASE,reuse,sim_opcost,0.0677,,,blind_confirm_cell,TASK95; results/npu/stage3/20261002-simblind/simblind_verdict.json,TASK95
NPU,17,BASE,reuse,sim_descriptor,0.0532,,,blind_confirm_cell,TASK95; results/npu/stage3/20261002-simblind/simblind_verdict.json,TASK95
NPU,17,BASE,reuse,analytic_v1,0.2931,,,reference_out_of_scope,TASK95; results/npu/stage3/20261002-simblind/simblind_verdict.json,TASK95
NPU,17,BASE,reuse,null,0.6764,,,blind_confirm_cell,TASK95; results/npu/stage3/20261002-simblind/simblind_verdict.json,TASK95
NPU,17,BATCHONLY,ratio_to_BASE,observed,0.7259,0.6982,0.7449,blind_confirm_cell,TASK95; results/npu/stage3/20261002-simblind/simblind_verdict.json,TASK95
NPU,17,BATCHONLY,ratio_to_BASE,sim_opcost,0.7451,,,blind_confirm_cell,TASK95; results/npu/stage3/20261002-simblind/simblind_verdict.json,TASK95
NPU,17,BATCHONLY,ratio_to_BASE,sim_descriptor,0.7376,,,blind_confirm_cell,TASK95; results/npu/stage3/20261002-simblind/simblind_verdict.json,TASK95
NPU,17,BATCHONLY,ratio_to_BASE,analytic_v1,0.8766,,,reference_out_of_scope,TASK95; results/npu/stage3/20261002-simblind/simblind_verdict.json,TASK95
NPU,17,BATCHONLY,ratio_to_BASE,null,1.0000,,,blind_confirm_cell,TASK95; results/npu/stage3/20261002-simblind/simblind_verdict.json,TASK95
NPU,17,TUNED,ratio_to_BASE,observed,0.7036,0.6603,0.7145,blind_confirm_cell,TASK95; results/npu/stage3/20261002-simblind/simblind_verdict.json,TASK95
NPU,17,TUNED,ratio_to_BASE,sim_opcost,0.7175,,,blind_confirm_cell,TASK95; results/npu/stage3/20261002-simblind/simblind_verdict.json,TASK95
NPU,17,TUNED,ratio_to_BASE,sim_descriptor,0.7121,,,blind_confirm_cell,TASK95; results/npu/stage3/20261002-simblind/simblind_verdict.json,TASK95
NPU,17,TUNED,ratio_to_BASE,analytic_v1,0.7984,,,reference_out_of_scope,TASK95; results/npu/stage3/20261002-simblind/simblind_verdict.json,TASK95
NPU,17,TUNED,ratio_to_BASE,null,1.0000,,,blind_confirm_cell,TASK95; results/npu/stage3/20261002-simblind/simblind_verdict.json,TASK95
NPU,20,BASE,reuse,observed,0.0000,,,blind_no_information_cell,TASK95; results/npu/stage3/20261002-simblind/simblind_verdict.json,TASK95
NPU,20,BASE,reuse,sim_opcost,0.0000,,,blind_no_information_cell,TASK95; results/npu/stage3/20261002-simblind/simblind_verdict.json,TASK95
NPU,20,BASE,reuse,sim_descriptor,0.0011,,,blind_no_information_cell,TASK95; results/npu/stage3/20261002-simblind/simblind_verdict.json,TASK95
NPU,20,BASE,reuse,analytic_v1,0.2826,,,reference_out_of_scope,TASK95; results/npu/stage3/20261002-simblind/simblind_verdict.json,TASK95
NPU,20,BASE,reuse,null,0.6764,,,blind_no_information_cell,TASK95; results/npu/stage3/20261002-simblind/simblind_verdict.json,TASK95
NPU,20,BATCHONLY,ratio_to_BASE,observed,0.6996,0.6439,0.7184,blind_confirm_cell,TASK95; results/npu/stage3/20261002-simblind/simblind_verdict.json,TASK95
NPU,20,BATCHONLY,ratio_to_BASE,sim_opcost,0.6865,,,blind_confirm_cell,TASK95; results/npu/stage3/20261002-simblind/simblind_verdict.json,TASK95
NPU,20,BATCHONLY,ratio_to_BASE,sim_descriptor,0.6945,,,blind_confirm_cell,TASK95; results/npu/stage3/20261002-simblind/simblind_verdict.json,TASK95
NPU,20,BATCHONLY,ratio_to_BASE,analytic_v1,0.8783,,,reference_out_of_scope,TASK95; results/npu/stage3/20261002-simblind/simblind_verdict.json,TASK95
NPU,20,BATCHONLY,ratio_to_BASE,null,1.0000,,,blind_confirm_cell,TASK95; results/npu/stage3/20261002-simblind/simblind_verdict.json,TASK95
NPU,20,TUNED,ratio_to_BASE,observed,0.6949,0.6185,0.7044,blind_confirm_cell,TASK95; results/npu/stage3/20261002-simblind/simblind_verdict.json,TASK95
NPU,20,TUNED,ratio_to_BASE,sim_opcost,0.6691,,,blind_confirm_cell,TASK95; results/npu/stage3/20261002-simblind/simblind_verdict.json,TASK95
NPU,20,TUNED,ratio_to_BASE,sim_descriptor,0.6796,,,blind_confirm_cell,TASK95; results/npu/stage3/20261002-simblind/simblind_verdict.json,TASK95
NPU,20,TUNED,ratio_to_BASE,analytic_v1,0.8742,,,reference_out_of_scope,TASK95; results/npu/stage3/20261002-simblind/simblind_verdict.json,TASK95
NPU,20,TUNED,ratio_to_BASE,null,1.0000,,,blind_confirm_cell,TASK95; results/npu/stage3/20261002-simblind/simblind_verdict.json,TASK95
NPU,15,BASE,reuse,observed,0.1281,,,blind_confirm_cell,TASK102; results/npu/stage3/20261002-ctxblind/ctxblind_verdict.json,TASK102
NPU,15,BASE,reuse,sim_ctxcost,0.1100,,,blind_confirm_cell,TASK102; results/npu/stage3/20261002-ctxblind/ctxblind_verdict.json,TASK102
NPU,15,BASE,reuse,sim_descriptor,0.1564,,,blind_confirm_cell,TASK102; results/npu/stage3/20261002-ctxblind/ctxblind_verdict.json,TASK102
NPU,15,BASE,reuse,sim_ctxcost_origprefill,0.1368,,,reported_only,TASK102; results/npu/stage3/20261002-ctxblind/ctxblind_verdict.json,TASK102
NPU,15,BASE,reuse,analytic_v1,0.3134,,,reference_out_of_scope,TASK102; results/npu/stage3/20261002-ctxblind/ctxblind_verdict.json,TASK102
NPU,15,BASE,reuse,null,0.6764,,,blind_confirm_cell,TASK102; results/npu/stage3/20261002-ctxblind/ctxblind_verdict.json,TASK102
NPU,15,BATCHONLY,ratio_to_BASE,observed,0.7605,0.7131,0.8097,blind_confirm_cell,TASK102; results/npu/stage3/20261002-ctxblind/ctxblind_verdict.json,TASK102
NPU,15,BATCHONLY,ratio_to_BASE,sim_ctxcost,0.7486,,,blind_confirm_cell,TASK102; results/npu/stage3/20261002-ctxblind/ctxblind_verdict.json,TASK102
NPU,15,BATCHONLY,ratio_to_BASE,sim_descriptor,0.7774,,,blind_confirm_cell,TASK102; results/npu/stage3/20261002-ctxblind/ctxblind_verdict.json,TASK102
NPU,15,BATCHONLY,ratio_to_BASE,sim_ctxcost_origprefill,0.7561,,,reported_only,TASK102; results/npu/stage3/20261002-ctxblind/ctxblind_verdict.json,TASK102
NPU,15,BATCHONLY,ratio_to_BASE,analytic_v1,0.8430,,,reference_in_scope,TASK102; results/npu/stage3/20261002-ctxblind/ctxblind_verdict.json,TASK102
NPU,15,BATCHONLY,ratio_to_BASE,null,1.0000,,,blind_confirm_cell,TASK102; results/npu/stage3/20261002-ctxblind/ctxblind_verdict.json,TASK102
NPU,15,TUNED,ratio_to_BASE,observed,0.7523,0.7004,0.7726,blind_confirm_cell,TASK102; results/npu/stage3/20261002-ctxblind/ctxblind_verdict.json,TASK102
NPU,15,TUNED,ratio_to_BASE,sim_ctxcost,0.7302,,,blind_confirm_cell,TASK102; results/npu/stage3/20261002-ctxblind/ctxblind_verdict.json,TASK102
NPU,15,TUNED,ratio_to_BASE,sim_descriptor,0.7576,,,blind_confirm_cell,TASK102; results/npu/stage3/20261002-ctxblind/ctxblind_verdict.json,TASK102
NPU,15,TUNED,ratio_to_BASE,sim_ctxcost_origprefill,0.7371,,,reported_only,TASK102; results/npu/stage3/20261002-ctxblind/ctxblind_verdict.json,TASK102
NPU,15,TUNED,ratio_to_BASE,analytic_v1,0.8217,,,reference_in_scope,TASK102; results/npu/stage3/20261002-ctxblind/ctxblind_verdict.json,TASK102
NPU,15,TUNED,ratio_to_BASE,null,1.0000,,,blind_confirm_cell,TASK102; results/npu/stage3/20261002-ctxblind/ctxblind_verdict.json,TASK102
NPU,18,BASE,reuse,observed,0.0258,,,blind_confirm_cell,TASK102; results/npu/stage3/20261002-ctxblind/ctxblind_verdict.json,TASK102
NPU,18,BASE,reuse,sim_ctxcost,0.0454,,,blind_confirm_cell,TASK102; results/npu/stage3/20261002-ctxblind/ctxblind_verdict.json,TASK102
NPU,18,BASE,reuse,sim_descriptor,0.0264,,,blind_confirm_cell,TASK102; results/npu/stage3/20261002-ctxblind/ctxblind_verdict.json,TASK102
NPU,18,BASE,reuse,sim_ctxcost_origprefill,0.0434,,,reported_only,TASK102; results/npu/stage3/20261002-ctxblind/ctxblind_verdict.json,TASK102
NPU,18,BASE,reuse,analytic_v1,0.2860,,,reference_out_of_scope,TASK102; results/npu/stage3/20261002-ctxblind/ctxblind_verdict.json,TASK102
NPU,18,BASE,reuse,null,0.6764,,,blind_confirm_cell,TASK102; results/npu/stage3/20261002-ctxblind/ctxblind_verdict.json,TASK102
NPU,18,BATCHONLY,ratio_to_BASE,observed,0.7075,0.6749,0.7449,blind_confirm_cell,TASK102; results/npu/stage3/20261002-ctxblind/ctxblind_verdict.json,TASK102
NPU,18,BATCHONLY,ratio_to_BASE,sim_ctxcost,0.7011,,,blind_confirm_cell,TASK102; results/npu/stage3/20261002-ctxblind/ctxblind_verdict.json,TASK102
NPU,18,BATCHONLY,ratio_to_BASE,sim_descriptor,0.7158,,,blind_confirm_cell,TASK102; results/npu/stage3/20261002-ctxblind/ctxblind_verdict.json,TASK102
NPU,18,BATCHONLY,ratio_to_BASE,sim_ctxcost_origprefill,0.7054,,,reported_only,TASK102; results/npu/stage3/20261002-ctxblind/ctxblind_verdict.json,TASK102
NPU,18,BATCHONLY,ratio_to_BASE,analytic_v1,0.8791,,,reference_out_of_scope,TASK102; results/npu/stage3/20261002-ctxblind/ctxblind_verdict.json,TASK102
NPU,18,BATCHONLY,ratio_to_BASE,null,1.0000,,,blind_confirm_cell,TASK102; results/npu/stage3/20261002-ctxblind/ctxblind_verdict.json,TASK102
NPU,18,TUNED,ratio_to_BASE,observed,0.6710,0.6506,0.7248,blind_confirm_cell,TASK102; results/npu/stage3/20261002-ctxblind/ctxblind_verdict.json,TASK102
NPU,18,TUNED,ratio_to_BASE,sim_ctxcost,0.6797,,,blind_confirm_cell,TASK102; results/npu/stage3/20261002-ctxblind/ctxblind_verdict.json,TASK102
NPU,18,TUNED,ratio_to_BASE,sim_descriptor,0.6949,,,blind_confirm_cell,TASK102; results/npu/stage3/20261002-ctxblind/ctxblind_verdict.json,TASK102
NPU,18,TUNED,ratio_to_BASE,sim_ctxcost_origprefill,0.6791,,,reported_only,TASK102; results/npu/stage3/20261002-ctxblind/ctxblind_verdict.json,TASK102
NPU,18,TUNED,ratio_to_BASE,analytic_v1,0.8140,,,reference_out_of_scope,TASK102; results/npu/stage3/20261002-ctxblind/ctxblind_verdict.json,TASK102
NPU,18,TUNED,ratio_to_BASE,null,1.0000,,,blind_confirm_cell,TASK102; results/npu/stage3/20261002-ctxblind/ctxblind_verdict.json,TASK102
GPU,20,BASE,reuse,observed,0.856,,,blind_confirm_cell,GTASK11; origin/gpu-a6000:docs/research/gpu/GTASK11.md @ 22b50f4,GTASK11
GPU,20,BASE,reuse,analytic_v1,0.8437,,,blind_confirm_cell,GTASK11; origin/gpu-a6000:docs/research/gpu/GTASK11.md @ 22b50f4,GTASK11
GPU,20,BASE,reuse,sim_lru,0.8575,,,blind_confirm_cell,GTASK11; origin/gpu-a6000:docs/research/gpu/GTASK11.md @ 22b50f4,GTASK11
GPU,20,BASE,reuse,sim_fifo,0.7614,,,blind_confirm_cell,GTASK11; origin/gpu-a6000:docs/research/gpu/GTASK11.md @ 22b50f4,GTASK11
GPU,20,BASE,reuse,null,0.8472,,,blind_confirm_cell,GTASK11; origin/gpu-a6000:docs/research/gpu/GTASK11.md @ 22b50f4,GTASK11
GPU,20,POOL,ratio_to_BASE,observed,0.9908,0.9690,0.9959,blind_confirm_cell,GTASK11; origin/gpu-a6000:docs/research/gpu/GTASK11.md @ 22b50f4,GTASK11
GPU,20,POOL,ratio_to_BASE,analytic_v1,0.9928,,,blind_confirm_cell,GTASK11; origin/gpu-a6000:docs/research/gpu/GTASK11.md @ 22b50f4,GTASK11
GPU,20,POOL,ratio_to_BASE,sim_lru,0.9886,,,blind_confirm_cell,GTASK11; origin/gpu-a6000:docs/research/gpu/GTASK11.md @ 22b50f4,GTASK11
GPU,20,POOL,ratio_to_BASE,sim_fifo,0.9938,,,blind_confirm_cell,GTASK11; origin/gpu-a6000:docs/research/gpu/GTASK11.md @ 22b50f4,GTASK11
GPU,20,POOL,ratio_to_BASE,null,1.0000,,,blind_confirm_cell,GTASK11; origin/gpu-a6000:docs/research/gpu/GTASK11.md @ 22b50f4,GTASK11
GPU,20,POOL+GRID,ratio_to_BASE,observed,0.9866,0.9678,0.9916,blind_confirm_cell,GTASK11; origin/gpu-a6000:docs/research/gpu/GTASK11.md @ 22b50f4,GTASK11
GPU,20,POOL+GRID,ratio_to_BASE,analytic_v1,0.9919,,,blind_confirm_cell,GTASK11; origin/gpu-a6000:docs/research/gpu/GTASK11.md @ 22b50f4,GTASK11
GPU,20,POOL+GRID,ratio_to_BASE,sim_lru,0.9836,,,blind_confirm_cell,GTASK11; origin/gpu-a6000:docs/research/gpu/GTASK11.md @ 22b50f4,GTASK11
GPU,20,POOL+GRID,ratio_to_BASE,sim_fifo,0.9922,,,blind_confirm_cell,GTASK11; origin/gpu-a6000:docs/research/gpu/GTASK11.md @ 22b50f4,GTASK11
GPU,20,POOL+GRID,ratio_to_BASE,null,1.0000,,,blind_confirm_cell,GTASK11; origin/gpu-a6000:docs/research/gpu/GTASK11.md @ 22b50f4,GTASK11
GPU,22,BASE,reuse,observed,0.817,,,blind_confirm_cell,GTASK11; origin/gpu-a6000:docs/research/gpu/GTASK11.md @ 22b50f4,GTASK11
GPU,22,BASE,reuse,analytic_v1,0.8283,,,blind_confirm_cell,GTASK11; origin/gpu-a6000:docs/research/gpu/GTASK11.md @ 22b50f4,GTASK11
GPU,22,BASE,reuse,sim_lru,0.8492,,,blind_confirm_cell,GTASK11; origin/gpu-a6000:docs/research/gpu/GTASK11.md @ 22b50f4,GTASK11
GPU,22,BASE,reuse,sim_fifo,0.7346,,,blind_confirm_cell,GTASK11; origin/gpu-a6000:docs/research/gpu/GTASK11.md @ 22b50f4,GTASK11
GPU,22,BASE,reuse,null,0.8472,,,blind_confirm_cell,GTASK11; origin/gpu-a6000:docs/research/gpu/GTASK11.md @ 22b50f4,GTASK11
GPU,22,POOL,ratio_to_BASE,observed,0.9690,0.9525,0.9841,blind_confirm_cell,GTASK11; origin/gpu-a6000:docs/research/gpu/GTASK11.md @ 22b50f4,GTASK11
GPU,22,POOL,ratio_to_BASE,analytic_v1,0.9909,,,blind_confirm_cell,GTASK11; origin/gpu-a6000:docs/research/gpu/GTASK11.md @ 22b50f4,GTASK11
GPU,22,POOL,ratio_to_BASE,sim_lru,0.9839,,,blind_confirm_cell,GTASK11; origin/gpu-a6000:docs/research/gpu/GTASK11.md @ 22b50f4,GTASK11
GPU,22,POOL,ratio_to_BASE,sim_fifo,0.9890,,,blind_confirm_cell,GTASK11; origin/gpu-a6000:docs/research/gpu/GTASK11.md @ 22b50f4,GTASK11
GPU,22,POOL,ratio_to_BASE,null,1.0000,,,blind_confirm_cell,GTASK11; origin/gpu-a6000:docs/research/gpu/GTASK11.md @ 22b50f4,GTASK11
GPU,22,POOL+GRID,ratio_to_BASE,observed,0.9715,0.9354,0.9826,blind_confirm_cell,GTASK11; origin/gpu-a6000:docs/research/gpu/GTASK11.md @ 22b50f4,GTASK11
GPU,22,POOL+GRID,ratio_to_BASE,analytic_v1,0.9903,,,blind_confirm_cell,GTASK11; origin/gpu-a6000:docs/research/gpu/GTASK11.md @ 22b50f4,GTASK11
GPU,22,POOL+GRID,ratio_to_BASE,sim_lru,0.9835,,,blind_confirm_cell,GTASK11; origin/gpu-a6000:docs/research/gpu/GTASK11.md @ 22b50f4,GTASK11
GPU,22,POOL+GRID,ratio_to_BASE,sim_fifo,0.9833,,,blind_confirm_cell,GTASK11; origin/gpu-a6000:docs/research/gpu/GTASK11.md @ 22b50f4,GTASK11
GPU,22,POOL+GRID,ratio_to_BASE,null,1.0000,,,blind_confirm_cell,GTASK11; origin/gpu-a6000:docs/research/gpu/GTASK11.md @ 22b50f4,GTASK11
GPU,24,BASE,reuse,observed,0.669,,,blind_confirm_cell,GTASK11; origin/gpu-a6000:docs/research/gpu/GTASK11.md @ 22b50f4,GTASK11
GPU,24,BASE,reuse,analytic_v1,0.8068,,,blind_confirm_cell,GTASK11; origin/gpu-a6000:docs/research/gpu/GTASK11.md @ 22b50f4,GTASK11
GPU,24,BASE,reuse,sim_lru,0.7532,,,blind_confirm_cell,GTASK11; origin/gpu-a6000:docs/research/gpu/GTASK11.md @ 22b50f4,GTASK11
GPU,24,BASE,reuse,sim_fifo,0.6111,,,blind_confirm_cell,GTASK11; origin/gpu-a6000:docs/research/gpu/GTASK11.md @ 22b50f4,GTASK11
GPU,24,BASE,reuse,null,0.8472,,,blind_confirm_cell,GTASK11; origin/gpu-a6000:docs/research/gpu/GTASK11.md @ 22b50f4,GTASK11
GPU,24,POOL,ratio_to_BASE,observed,0.9402,0.8122,0.9704,blind_confirm_cell,GTASK11; origin/gpu-a6000:docs/research/gpu/GTASK11.md @ 22b50f4,GTASK11
GPU,24,POOL,ratio_to_BASE,analytic_v1,0.9858,,,blind_confirm_cell,GTASK11; origin/gpu-a6000:docs/research/gpu/GTASK11.md @ 22b50f4,GTASK11
GPU,24,POOL,ratio_to_BASE,sim_lru,0.9583,,,blind_confirm_cell,GTASK11; origin/gpu-a6000:docs/research/gpu/GTASK11.md @ 22b50f4,GTASK11
GPU,24,POOL,ratio_to_BASE,sim_fifo,0.9664,,,blind_confirm_cell,GTASK11; origin/gpu-a6000:docs/research/gpu/GTASK11.md @ 22b50f4,GTASK11
GPU,24,POOL,ratio_to_BASE,null,1.0000,,,blind_confirm_cell,GTASK11; origin/gpu-a6000:docs/research/gpu/GTASK11.md @ 22b50f4,GTASK11
GPU,24,POOL+GRID,ratio_to_BASE,observed,0.9327,0.8150,0.9690,blind_confirm_cell,GTASK11; origin/gpu-a6000:docs/research/gpu/GTASK11.md @ 22b50f4,GTASK11
GPU,24,POOL+GRID,ratio_to_BASE,analytic_v1,0.9855,,,blind_confirm_cell,GTASK11; origin/gpu-a6000:docs/research/gpu/GTASK11.md @ 22b50f4,GTASK11
GPU,24,POOL+GRID,ratio_to_BASE,sim_lru,0.9568,,,blind_confirm_cell,GTASK11; origin/gpu-a6000:docs/research/gpu/GTASK11.md @ 22b50f4,GTASK11
GPU,24,POOL+GRID,ratio_to_BASE,sim_fifo,0.9741,,,blind_confirm_cell,GTASK11; origin/gpu-a6000:docs/research/gpu/GTASK11.md @ 22b50f4,GTASK11
GPU,24,POOL+GRID,ratio_to_BASE,null,1.0000,,,blind_confirm_cell,GTASK11; origin/gpu-a6000:docs/research/gpu/GTASK11.md @ 22b50f4,GTASK11
GPU,26,BASE,reuse,observed,0.450,,,blind_exploratory_cell,GTASK11; origin/gpu-a6000:docs/research/gpu/GTASK11.md @ 22b50f4,GTASK11
GPU,26,BASE,reuse,analytic_v1,0.7859,,,blind_exploratory_cell,GTASK11; origin/gpu-a6000:docs/research/gpu/GTASK11.md @ 22b50f4,GTASK11
GPU,26,BASE,reuse,sim_lru,0.6572,,,blind_exploratory_cell,GTASK11; origin/gpu-a6000:docs/research/gpu/GTASK11.md @ 22b50f4,GTASK11
GPU,26,BASE,reuse,sim_fifo,0.5516,,,blind_exploratory_cell,GTASK11; origin/gpu-a6000:docs/research/gpu/GTASK11.md @ 22b50f4,GTASK11
GPU,26,BASE,reuse,null,0.8472,,,blind_exploratory_cell,GTASK11; origin/gpu-a6000:docs/research/gpu/GTASK11.md @ 22b50f4,GTASK11
GPU,26,POOL,ratio_to_BASE,observed,0.899,0.806,0.907,blind_exploratory_cell,GTASK11; origin/gpu-a6000:docs/research/gpu/GTASK11.md @ 22b50f4,GTASK11
GPU,26,POOL,ratio_to_BASE,analytic_v1,0.9838,,,blind_exploratory_cell,GTASK11; origin/gpu-a6000:docs/research/gpu/GTASK11.md @ 22b50f4,GTASK11
GPU,26,POOL,ratio_to_BASE,sim_lru,0.9393,,,blind_exploratory_cell,GTASK11; origin/gpu-a6000:docs/research/gpu/GTASK11.md @ 22b50f4,GTASK11
GPU,26,POOL,ratio_to_BASE,sim_fifo,0.9643,,,blind_exploratory_cell,GTASK11; origin/gpu-a6000:docs/research/gpu/GTASK11.md @ 22b50f4,GTASK11
GPU,26,POOL,ratio_to_BASE,null,1.0000,,,blind_exploratory_cell,GTASK11; origin/gpu-a6000:docs/research/gpu/GTASK11.md @ 22b50f4,GTASK11
GPU,25,BASE,reuse,observed,0.4755,,,blind_confirm_cell,GTASK20; origin/gpu-a6000:experiments/gpu/multiturn/blind_result/verdict.json @ bac3e63; pred origin/gpu-a6000:experiments/gpu/multiturn/plans/blind/PREDICTIONS_BLIND.json @ f0d8000,GTASK20
GPU,25,BASE,reuse,sim_ctxcost,0.5136,,,blind_confirm_cell,GTASK20; origin/gpu-a6000:experiments/gpu/multiturn/blind_result/verdict.json @ bac3e63; pred origin/gpu-a6000:experiments/gpu/multiturn/plans/blind/PREDICTIONS_BLIND.json @ f0d8000,GTASK20
GPU,25,BASE,reuse,sim_lru_x1.210,0.4938,,,dev_calibrated,GTASK20; origin/gpu-a6000:experiments/gpu/multiturn/blind_result/verdict.json @ bac3e63; pred origin/gpu-a6000:experiments/gpu/multiturn/plans/blind/PREDICTIONS_BLIND.json @ f0d8000,GTASK20
GPU,25,BASE,reuse,sim_lru_mode_dist,0.4895,,,dev_calibrated,GTASK20; origin/gpu-a6000:experiments/gpu/multiturn/blind_result/verdict.json @ bac3e63; pred origin/gpu-a6000:experiments/gpu/multiturn/plans/blind/PREDICTIONS_BLIND.json @ f0d8000,GTASK20
GPU,25,BASE,reuse,sim_lru_price,0.6955,,,blind_confirm_cell,GTASK20; origin/gpu-a6000:experiments/gpu/multiturn/blind_result/verdict.json @ bac3e63; pred origin/gpu-a6000:experiments/gpu/multiturn/plans/blind/PREDICTIONS_BLIND.json @ f0d8000,GTASK20
GPU,25,BASE,reuse,null,0.8472,,,blind_confirm_cell,GTASK20; origin/gpu-a6000:experiments/gpu/multiturn/blind_result/verdict.json @ bac3e63; pred origin/gpu-a6000:experiments/gpu/multiturn/plans/blind/PREDICTIONS_BLIND.json @ f0d8000,GTASK20
GPU,25,POOL,ratio_to_BASE,observed,0.8966,0.8516,0.9374,blind_confirm_cell,GTASK20; origin/gpu-a6000:experiments/gpu/multiturn/blind_result/verdict.json @ bac3e63; pred origin/gpu-a6000:experiments/gpu/multiturn/plans/blind/PREDICTIONS_BLIND.json @ f0d8000,GTASK20
GPU,25,POOL,ratio_to_BASE,sim_ctxcost,0.9047,,,blind_confirm_cell,GTASK20; origin/gpu-a6000:experiments/gpu/multiturn/blind_result/verdict.json @ bac3e63; pred origin/gpu-a6000:experiments/gpu/multiturn/plans/blind/PREDICTIONS_BLIND.json @ f0d8000,GTASK20
GPU,25,POOL,ratio_to_BASE,sim_lru_x1.210,0.9041,,,dev_calibrated,GTASK20; origin/gpu-a6000:experiments/gpu/multiturn/blind_result/verdict.json @ bac3e63; pred origin/gpu-a6000:experiments/gpu/multiturn/plans/blind/PREDICTIONS_BLIND.json @ f0d8000,GTASK20
GPU,25,POOL,ratio_to_BASE,sim_lru_mode_dist,0.8966,,,dev_calibrated,GTASK20; origin/gpu-a6000:experiments/gpu/multiturn/blind_result/verdict.json @ bac3e63; pred origin/gpu-a6000:experiments/gpu/multiturn/plans/blind/PREDICTIONS_BLIND.json @ f0d8000,GTASK20
GPU,25,POOL,ratio_to_BASE,sim_lru_price,0.9565,,,blind_confirm_cell,GTASK20; origin/gpu-a6000:experiments/gpu/multiturn/blind_result/verdict.json @ bac3e63; pred origin/gpu-a6000:experiments/gpu/multiturn/plans/blind/PREDICTIONS_BLIND.json @ f0d8000,GTASK20
GPU,25,POOL,ratio_to_BASE,null,1.0000,,,blind_confirm_cell,GTASK20; origin/gpu-a6000:experiments/gpu/multiturn/blind_result/verdict.json @ bac3e63; pred origin/gpu-a6000:experiments/gpu/multiturn/plans/blind/PREDICTIONS_BLIND.json @ f0d8000,GTASK20
GPU,25,POOL+GRID,ratio_to_BASE,observed,0.8933,0.8535,0.9428,blind_confirm_cell,GTASK20; origin/gpu-a6000:experiments/gpu/multiturn/blind_result/verdict.json @ bac3e63; pred origin/gpu-a6000:experiments/gpu/multiturn/plans/blind/PREDICTIONS_BLIND.json @ f0d8000,GTASK20
GPU,25,POOL+GRID,ratio_to_BASE,sim_ctxcost,0.9039,,,blind_confirm_cell,GTASK20; origin/gpu-a6000:experiments/gpu/multiturn/blind_result/verdict.json @ bac3e63; pred origin/gpu-a6000:experiments/gpu/multiturn/plans/blind/PREDICTIONS_BLIND.json @ f0d8000,GTASK20
GPU,25,POOL+GRID,ratio_to_BASE,sim_lru_x1.210,0.9012,,,dev_calibrated,GTASK20; origin/gpu-a6000:experiments/gpu/multiturn/blind_result/verdict.json @ bac3e63; pred origin/gpu-a6000:experiments/gpu/multiturn/plans/blind/PREDICTIONS_BLIND.json @ f0d8000,GTASK20
GPU,25,POOL+GRID,ratio_to_BASE,sim_lru_mode_dist,0.8981,,,dev_calibrated,GTASK20; origin/gpu-a6000:experiments/gpu/multiturn/blind_result/verdict.json @ bac3e63; pred origin/gpu-a6000:experiments/gpu/multiturn/plans/blind/PREDICTIONS_BLIND.json @ f0d8000,GTASK20
GPU,25,POOL+GRID,ratio_to_BASE,sim_lru_price,0.9575,,,blind_confirm_cell,GTASK20; origin/gpu-a6000:experiments/gpu/multiturn/blind_result/verdict.json @ bac3e63; pred origin/gpu-a6000:experiments/gpu/multiturn/plans/blind/PREDICTIONS_BLIND.json @ f0d8000,GTASK20
GPU,25,POOL+GRID,ratio_to_BASE,null,1.0000,,,blind_confirm_cell,GTASK20; origin/gpu-a6000:experiments/gpu/multiturn/blind_result/verdict.json @ bac3e63; pred origin/gpu-a6000:experiments/gpu/multiturn/plans/blind/PREDICTIONS_BLIND.json @ f0d8000,GTASK20
GPU,28,BASE,reuse,observed,0.3660,,,blind_confirm_cell,GTASK20; origin/gpu-a6000:experiments/gpu/multiturn/blind_result/verdict.json @ bac3e63; pred origin/gpu-a6000:experiments/gpu/multiturn/plans/blind/PREDICTIONS_BLIND.json @ f0d8000,GTASK20
GPU,28,BASE,reuse,sim_ctxcost,0.4029,,,blind_confirm_cell,GTASK20; origin/gpu-a6000:experiments/gpu/multiturn/blind_result/verdict.json @ bac3e63; pred origin/gpu-a6000:experiments/gpu/multiturn/plans/blind/PREDICTIONS_BLIND.json @ f0d8000,GTASK20
GPU,28,BASE,reuse,sim_lru_x1.210,0.3532,,,dev_calibrated,GTASK20; origin/gpu-a6000:experiments/gpu/multiturn/blind_result/verdict.json @ bac3e63; pred origin/gpu-a6000:experiments/gpu/multiturn/plans/blind/PREDICTIONS_BLIND.json @ f0d8000,GTASK20
GPU,28,BASE,reuse,sim_lru_mode_dist,0.3795,,,dev_calibrated,GTASK20; origin/gpu-a6000:experiments/gpu/multiturn/blind_result/verdict.json @ bac3e63; pred origin/gpu-a6000:experiments/gpu/multiturn/plans/blind/PREDICTIONS_BLIND.json @ f0d8000,GTASK20
GPU,28,BASE,reuse,sim_lru_price,0.4937,,,blind_confirm_cell,GTASK20; origin/gpu-a6000:experiments/gpu/multiturn/blind_result/verdict.json @ bac3e63; pred origin/gpu-a6000:experiments/gpu/multiturn/plans/blind/PREDICTIONS_BLIND.json @ f0d8000,GTASK20
GPU,28,BASE,reuse,null,0.8472,,,blind_confirm_cell,GTASK20; origin/gpu-a6000:experiments/gpu/multiturn/blind_result/verdict.json @ bac3e63; pred origin/gpu-a6000:experiments/gpu/multiturn/plans/blind/PREDICTIONS_BLIND.json @ f0d8000,GTASK20
GPU,28,POOL,ratio_to_BASE,observed,0.9040,0.8659,0.9345,blind_confirm_cell,GTASK20; origin/gpu-a6000:experiments/gpu/multiturn/blind_result/verdict.json @ bac3e63; pred origin/gpu-a6000:experiments/gpu/multiturn/plans/blind/PREDICTIONS_BLIND.json @ f0d8000,GTASK20
GPU,28,POOL,ratio_to_BASE,sim_ctxcost,0.8969,,,blind_confirm_cell,GTASK20; origin/gpu-a6000:experiments/gpu/multiturn/blind_result/verdict.json @ bac3e63; pred origin/gpu-a6000:experiments/gpu/multiturn/plans/blind/PREDICTIONS_BLIND.json @ f0d8000,GTASK20
GPU,28,POOL,ratio_to_BASE,sim_lru_x1.210,0.8955,,,dev_calibrated,GTASK20; origin/gpu-a6000:experiments/gpu/multiturn/blind_result/verdict.json @ bac3e63; pred origin/gpu-a6000:experiments/gpu/multiturn/plans/blind/PREDICTIONS_BLIND.json @ f0d8000,GTASK20
GPU,28,POOL,ratio_to_BASE,sim_lru_mode_dist,0.9009,,,dev_calibrated,GTASK20; origin/gpu-a6000:experiments/gpu/multiturn/blind_result/verdict.json @ bac3e63; pred origin/gpu-a6000:experiments/gpu/multiturn/plans/blind/PREDICTIONS_BLIND.json @ f0d8000,GTASK20
GPU,28,POOL,ratio_to_BASE,sim_lru_price,0.9077,,,blind_confirm_cell,GTASK20; origin/gpu-a6000:experiments/gpu/multiturn/blind_result/verdict.json @ bac3e63; pred origin/gpu-a6000:experiments/gpu/multiturn/plans/blind/PREDICTIONS_BLIND.json @ f0d8000,GTASK20
GPU,28,POOL,ratio_to_BASE,null,1.0000,,,blind_confirm_cell,GTASK20; origin/gpu-a6000:experiments/gpu/multiturn/blind_result/verdict.json @ bac3e63; pred origin/gpu-a6000:experiments/gpu/multiturn/plans/blind/PREDICTIONS_BLIND.json @ f0d8000,GTASK20
GPU,28,POOL+GRID,ratio_to_BASE,observed,0.9145,0.8660,0.9411,blind_confirm_cell,GTASK20; origin/gpu-a6000:experiments/gpu/multiturn/blind_result/verdict.json @ bac3e63; pred origin/gpu-a6000:experiments/gpu/multiturn/plans/blind/PREDICTIONS_BLIND.json @ f0d8000,GTASK20
GPU,28,POOL+GRID,ratio_to_BASE,sim_ctxcost,0.9005,,,blind_confirm_cell,GTASK20; origin/gpu-a6000:experiments/gpu/multiturn/blind_result/verdict.json @ bac3e63; pred origin/gpu-a6000:experiments/gpu/multiturn/plans/blind/PREDICTIONS_BLIND.json @ f0d8000,GTASK20
GPU,28,POOL+GRID,ratio_to_BASE,sim_lru_x1.210,0.8968,,,dev_calibrated,GTASK20; origin/gpu-a6000:experiments/gpu/multiturn/blind_result/verdict.json @ bac3e63; pred origin/gpu-a6000:experiments/gpu/multiturn/plans/blind/PREDICTIONS_BLIND.json @ f0d8000,GTASK20
GPU,28,POOL+GRID,ratio_to_BASE,sim_lru_mode_dist,0.8988,,,dev_calibrated,GTASK20; origin/gpu-a6000:experiments/gpu/multiturn/blind_result/verdict.json @ bac3e63; pred origin/gpu-a6000:experiments/gpu/multiturn/plans/blind/PREDICTIONS_BLIND.json @ f0d8000,GTASK20
GPU,28,POOL+GRID,ratio_to_BASE,sim_lru_price,0.9073,,,blind_confirm_cell,GTASK20; origin/gpu-a6000:experiments/gpu/multiturn/blind_result/verdict.json @ bac3e63; pred origin/gpu-a6000:experiments/gpu/multiturn/plans/blind/PREDICTIONS_BLIND.json @ f0d8000,GTASK20
GPU,28,POOL+GRID,ratio_to_BASE,null,1.0000,,,blind_confirm_cell,GTASK20; origin/gpu-a6000:experiments/gpu/multiturn/blind_result/verdict.json @ bac3e63; pred origin/gpu-a6000:experiments/gpu/multiturn/plans/blind/PREDICTIONS_BLIND.json @ f0d8000,GTASK20
GPU,20,BASE,reuse,sim_lru_orig,0.857,,,dev_set,GTASK13; origin/gpu-a6000:docs/research/gpu/GTASK13.md @ 02257ab,GTASK13
GPU,20,BASE,reuse,sim_lru_x1.131,0.862,,,dev_set,GTASK13; origin/gpu-a6000:docs/research/gpu/GTASK13.md @ 02257ab,GTASK13
GPU,20,BASE,reuse,sim_lru_x1.210,0.860,,,dev_set,GTASK13; origin/gpu-a6000:docs/research/gpu/GTASK13.md @ 02257ab,GTASK13
GPU,20,BASE,reuse,sim_lru_mode_dist,0.850,,,dev_set,GTASK13; origin/gpu-a6000:docs/research/gpu/GTASK13.md @ 02257ab,GTASK13
GPU,22,BASE,reuse,sim_lru_orig,0.849,,,dev_set,GTASK13; origin/gpu-a6000:docs/research/gpu/GTASK13.md @ 02257ab,GTASK13
GPU,22,BASE,reuse,sim_lru_x1.131,0.843,,,dev_set,GTASK13; origin/gpu-a6000:docs/research/gpu/GTASK13.md @ 02257ab,GTASK13
GPU,22,BASE,reuse,sim_lru_x1.210,0.825,,,dev_set,GTASK13; origin/gpu-a6000:docs/research/gpu/GTASK13.md @ 02257ab,GTASK13
GPU,22,BASE,reuse,sim_lru_mode_dist,0.834,,,dev_set,GTASK13; origin/gpu-a6000:docs/research/gpu/GTASK13.md @ 02257ab,GTASK13
GPU,24,BASE,reuse,sim_lru_orig,0.753,,,dev_set,GTASK13; origin/gpu-a6000:docs/research/gpu/GTASK13.md @ 02257ab,GTASK13
GPU,24,BASE,reuse,sim_lru_x1.131,0.724,,,dev_set,GTASK13; origin/gpu-a6000:docs/research/gpu/GTASK13.md @ 02257ab,GTASK13
GPU,24,BASE,reuse,sim_lru_x1.210,0.683,,,dev_set,GTASK13; origin/gpu-a6000:docs/research/gpu/GTASK13.md @ 02257ab,GTASK13
GPU,24,BASE,reuse,sim_lru_mode_dist,0.695,,,dev_set,GTASK13; origin/gpu-a6000:docs/research/gpu/GTASK13.md @ 02257ab,GTASK13
GPU,26,BASE,reuse,sim_lru_orig,0.657,,,dev_set,GTASK13; origin/gpu-a6000:docs/research/gpu/GTASK13.md @ 02257ab,GTASK13
GPU,26,BASE,reuse,sim_lru_x1.131,0.521,,,dev_set,GTASK13; origin/gpu-a6000:docs/research/gpu/GTASK13.md @ 02257ab,GTASK13
GPU,26,BASE,reuse,sim_lru_x1.210,0.459,,,dev_set,GTASK13; origin/gpu-a6000:docs/research/gpu/GTASK13.md @ 02257ab,GTASK13
GPU,26,BASE,reuse,sim_lru_mode_dist,0.483,,,dev_set,GTASK13; origin/gpu-a6000:docs/research/gpu/GTASK13.md @ 02257ab,GTASK13
GPU,26,POOL,ratio_to_BASE,sim_lru_orig,0.939,,,dev_set,GTASK13; origin/gpu-a6000:docs/research/gpu/GTASK13.md @ 02257ab,GTASK13
GPU,26,POOL,ratio_to_BASE,sim_lru_x1.131,0.900,,,dev_set,GTASK13; origin/gpu-a6000:docs/research/gpu/GTASK13.md @ 02257ab,GTASK13
GPU,26,POOL,ratio_to_BASE,sim_lru_x1.210,0.878,,,dev_set,GTASK13; origin/gpu-a6000:docs/research/gpu/GTASK13.md @ 02257ab,GTASK13
GPU,26,POOL,ratio_to_BASE,sim_lru_mode_dist,0.879,,,dev_set,GTASK13; origin/gpu-a6000:docs/research/gpu/GTASK13.md @ 02257ab,GTASK13
