scope,role,decided,obs_hit,full_vs_obs,A1_gap_vs_full,A1_gap_vs_obs,A2_cf_vs_full,A2_cf_vs_obs,A2w_cnt_vs_full,A2w_cnt_vs_obs,full_tokens_abs_diff_sum,A1_gap_tokens_abs_diff_sum,A2_cf_tokens_abs_diff_sum,A2w_cnt_tokens_abs_diff_sum,obs_tokens_sum
by_set:TASK95,validation,13892,7652,13892,10507,10507,12234,12234,12432,12432,0,5129984,2496512,2207104,11868800
by_set:TASK102,validation,8720,4918,8720,6400,6400,7900,7900,7987,7987,0,3493504,1215104,1092608,7632768
by_set:TASK82,dev_reference,12278,10026,12278,11336,11336,11852,11852,11896,11896,0,1396480,623872,562304,15501184
by_set:TASK87,dev_reference,8929,5529,8929,6877,6877,8219,8219,8281,8281,0,3123200,1060224,972160,8587776
by_role:validation,validation,22612,12570,22612,16907,16907,20134,20134,20419,20419,0,8623488,3711616,3299712,19501568
by_role:dev_reference,dev_reference,21207,15555,21207,18213,18213,20071,20071,20177,20177,0,4519680,1684096,1534464,24088960
by_role:validation_in_scope,validation_in_scope,5895,4791,5895,5518,5518,5731,5731,5765,5765,0,567040,226048,183424,7399552
by_role:validation_out_of_scope,validation_out_of_scope,16717,7779,16717,11389,11389,14403,14403,14654,14654,0,8056448,3485568,3116288,12102016
by_cell:TASK102.BASE.n15,validation,1143,115,1143,351,351,928,928,938,938,0,1205888,341376,324992,183936
by_cell:TASK102.BASE.n18,validation,1234,26,1234,468,468,1126,1126,1126,1126,0,1170688,161920,161920,39424
by_cell:TASK102.BATCHONLY.n15,validation,1470,1162,1470,1342,1342,1397,1397,1417,1417,0,196992,100096,74368,1794816
by_cell:TASK102.BATCHONLY.n18,validation,1670,1200,1670,1410,1410,1489,1489,1508,1508,0,372608,259584,234368,1866240
by_cell:TASK102.TUNED.n15,validation,1501,1190,1501,1383,1383,1439,1439,1453,1453,0,181248,86784,69888,1841024
by_cell:TASK102.TUNED.n18,validation,1702,1225,1702,1446,1446,1521,1521,1545,1545,0,366080,265344,227072,1907328
by_cell:TASK82.BASE.n6,dev_reference,672,560,672,646,646,666,666,666,666,0,41088,10240,10240,865152
by_cell:TASK82.BASE.n8,dev_reference,810,632,810,760,760,756,756,768,768,0,69504,75136,58752,999680
by_cell:TASK82.BASE.n10,dev_reference,1111,751,1111,927,927,996,996,1006,1006,0,262656,155648,143360,1147776
by_cell:TASK82.BASE.n12,dev_reference,1066,459,1066,615,615,847,847,869,869,0,674560,338304,305408,722304
by_cell:TASK82.BATCHONLY.n6,dev_reference,684,637,684,677,677,684,684,684,684,0,10880,0,0,985344
by_cell:TASK82.BATCHONLY.n8,dev_reference,825,735,825,807,807,825,825,825,825,0,28288,0,0,1151104
by_cell:TASK82.BATCHONLY.n10,dev_reference,1157,1010,1157,1126,1126,1156,1156,1156,1156,0,44672,1024,1024,1528576
by_cell:TASK82.BATCHONLY.n12,dev_reference,1206,1036,1206,1153,1153,1191,1191,1191,1191,0,80768,19456,19456,1600256
by_cell:TASK82.TUNED.n6,dev_reference,688,640,688,681,681,688,688,688,688,0,11136,0,0,990848
by_cell:TASK82.TUNED.n8,dev_reference,1657,1483,1657,1624,1624,1657,1657,1657,1657,0,50944,0,0,2318080
by_cell:TASK82.TUNED.n10,dev_reference,1171,1019,1171,1137,1137,1171,1171,1171,1171,0,50816,0,0,1543296
by_cell:TASK82.TUNED.n12,dev_reference,1231,1064,1231,1183,1183,1215,1215,1215,1215,0,71168,24064,24064,1648768
by_cell:TASK87.BASE.n14,dev_reference,1230,303,1230,545,545,997,997,1012,1012,0,1030528,357632,333312,490240
by_cell:TASK87.BASE.n16,dev_reference,1317,182,1317,487,487,1111,1111,1116,1116,0,1280256,316032,308736,278272
by_cell:TASK87.BATCHONLY.n14,dev_reference,1494,1211,1494,1384,1384,1449,1449,1455,1455,0,169600,62720,54912,1872128
by_cell:TASK87.BATCHONLY.n16,dev_reference,1666,1282,1666,1501,1501,1571,1571,1585,1585,0,247552,136192,116352,1992448
by_cell:TASK87.TUNED.n14,dev_reference,1530,1240,1530,1427,1427,1484,1484,1491,1491,0,153984,66688,57344,1919616
by_cell:TASK87.TUNED.n16,dev_reference,1692,1311,1692,1533,1533,1607,1607,1622,1622,0,241280,120960,101504,2035072
by_cell:TASK95.BASE.n13,validation,1275,465,1275,688,688,1011,1011,1026,1026,0,891648,402560,376448,722688
by_cell:TASK95.BASE.n17,validation,1252,60,1252,457,457,1103,1103,1108,1108,0,1206272,229376,221056,98944
by_cell:TASK95.BASE.n20,validation,1341,4,1341,931,931,1304,1304,1304,1304,0,637568,57472,57472,4480
by_cell:TASK95.BATCHONLY.n13,validation,1453,1213,1453,1388,1388,1438,1438,1438,1438,0,93184,20096,20096,1870464
by_cell:TASK95.BATCHONLY.n17,validation,1676,1243,1676,1452,1452,1504,1504,1532,1532,0,331392,241024,203008,1903104
by_cell:TASK95.BATCHONLY.n20,validation,1842,1064,1842,1326,1326,1415,1415,1474,1474,0,791168,655616,569728,1677440
by_cell:TASK95.TUNED.n13,validation,1471,1226,1471,1405,1405,1457,1457,1457,1457,0,95616,19072,19072,1893248
by_cell:TASK95.TUNED.n17,validation,1719,1286,1719,1507,1507,1556,1556,1584,1584,0,307072,229632,192384,1973120
by_cell:TASK95.TUNED.n20,validation,1863,1091,1863,1353,1353,1446,1446,1509,1509,0,776064,641664,547840,1725312
