check,condition,signal,median_rel_change,min,max,sd,per_pair,condition_exceeds_1pct,verdict
A1_v1,BASE.n6,throughput,0.0,-0.045454545454545525,0.040000000000000036,0.03067444253963275,0.00000;0.00000;0.04000;-0.01282;-0.04545,False,PERTURBATION
A1_v1,BASE.n6,decode_exec_mean,-0.009259259259259411,-0.015567765567765512,-0.0009250693802035359,0.005750491438909821,-0.00459;-0.01557;-0.01153;-0.00926;-0.00093,False,PERTURBATION
A1_v1,BASE.n6,decode_exec_p50,-0.008403361344538007,-0.02108157653528875,0.009302325581395321,0.01338626498736084,0.00367;-0.02108;-0.01870;-0.00840;0.00930,False,PERTURBATION
A1_v1,BASE.n6,prefill_exec_mean,0.009535043743241989,0.0013626298756599375,0.04799851742031125,0.018614374301989492,0.02019;0.00136;0.00629;0.04800;0.00954,False,PERTURBATION
A1_v1,BASE.n6,sampler_decode_mean,-0.0980392156862745,-0.1333333333333333,0.045454545454545414,0.07442102332584526,-0.04255;-0.12727;-0.13333;-0.09804;0.04545,False,PERTURBATION
A1_v1,BASE.n6,client_itl_median,0.006863081901803847,-0.020681353808803205,0.018054887618553117,0.014997009343862805,0.00686;0.01110;-0.00273;-0.02068;0.01805,False,PERTURBATION
A1_v1,BASE.n6,client_latency_median,0.01890192625868692,0.00789520097273777,0.03885901010915971,0.011701612790241527,0.02087;0.03886;0.00790;0.01340;0.01890,False,PERTURBATION
A1_v1,BASE.n6,recon_a_prime,0.009355071041891705,-0.022355446107607202,0.02220182786622238,0.017719531355715662,0.01845;0.00115;-0.02236;0.02220;0.00936,False,PERTURBATION
A1_v1,BASE.n6,decode_steps_in_window,0.013903743315508033,-0.019959058341862845,0.015645371577575062,0.01605173956627298,0.01527;0.01390;0.01565;-0.01996;-0.00580,False,PERTURBATION
A1_v1,BASE.n18,throughput,0.0,-0.0183486238532109,0.010204081632652962,0.01101129555156262,0.01020;0.00000;-0.01835;-0.01075;0.00000,False,PERTURBATION
A1_v1,BASE.n18,decode_exec_mean,-0.005992509363295873,-0.022415039768619027,0.002207505518763808,0.009859769459374567,-0.02242;-0.00599;-0.01119;0.00221;0.00000,False,PERTURBATION
A1_v1,BASE.n18,decode_exec_p50,-0.003633720930232509,-0.019340974212034512,0.0022026431718062955,0.008188756319013734,-0.01934;-0.00223;-0.00369;-0.00363;0.00220,False,PERTURBATION
A1_v1,BASE.n18,prefill_exec_mean,-0.0016615801966767263,-0.010041127866908695,0.026720337358635105,0.014348461072882485,-0.00166;-0.01004;0.02672;-0.00521;0.00054,False,PERTURBATION
A1_v1,BASE.n18,sampler_decode_mean,0.016129032258064502,-0.07142857142857129,0.109375,0.06974074001573748,-0.07143;0.01613;-0.01587;0.06250;0.10938,False,PERTURBATION
A1_v1,BASE.n18,client_itl_median,0.007508493493926238,-0.018497779062235375,0.018502800220422166,0.013758583331178999,-0.01850;0.00751;0.00164;0.00886;0.01850,False,PERTURBATION
A1_v1,BASE.n18,client_latency_median,0.04303263292375026,-0.017027721216245406,0.08617270578899605,0.047351200090729906,-0.01703;0.04303;0.07533;0.08617;-0.00921,False,PERTURBATION
A1_v1,BASE.n18,recon_a_prime,0.016724270390124696,-0.01596288762219933,0.03433070407078276,0.020246305476631875,0.01792;-0.00637;0.03433;0.01672;-0.01596,False,PERTURBATION
A1_v1,BASE.n18,decode_steps_in_window,0.013955984970477786,-0.025816649104320355,0.06990394877267869,0.04019816333337245,0.03643;-0.02582;0.01396;0.06990;-0.02138,False,PERTURBATION
A1_v1,TUNED.n6,throughput,-0.015151515151515249,-0.038461538461538436,0.0,0.01853129833824677,0.00000;0.00000;-0.03846;-0.03529;-0.01515,True,PERTURBATION
A1_v1,TUNED.n6,decode_exec_mean,-0.0018761726078798668,-0.008181818181818179,0.009425070688030335,0.006529450323265431,-0.00818;-0.00188;-0.00288;0.00943;0.00186,True,PERTURBATION
A1_v1,TUNED.n6,decode_exec_p50,-0.001831501831501825,-0.013464991023339312,0.010010010010010006,0.009669759515341042,-0.01346;-0.00185;0.01001;0.00931;-0.00183,True,PERTURBATION
A1_v1,TUNED.n6,prefill_exec_mean,0.0032173150043872667,-0.0006459252879750244,0.033416784586916215,0.014073532170041047,-0.00065;0.00073;0.00322;0.03342;0.00792,True,PERTURBATION
A1_v1,TUNED.n6,sampler_decode_mean,0.0714285714285714,-0.017857142857142905,0.1428571428571428,0.06305029846126362,-0.01786;0.07143;0.04762;0.11905;0.14286,True,PERTURBATION
A1_v1,TUNED.n6,client_itl_median,0.017549492734667105,0.009710836926045463,0.029234213137372622,0.008664873819344797,0.02788;0.00971;0.01352;0.02923;0.01755,True,PERTURBATION
A1_v1,TUNED.n6,client_latency_median,-0.00476502811453583,-0.09167816076461666,0.09244603745095303,0.06934999281481731,-0.00477;-0.01366;-0.09168;0.09245;0.04749,True,PERTURBATION
A1_v1,TUNED.n6,recon_a_prime,-0.003008577252678557,-0.015375187964350001,0.03333647063256029,0.021117177550222833,0.02260;-0.00301;0.03334;-0.01538;-0.00894,True,PERTURBATION
A1_v1,TUNED.n6,decode_steps_in_window,-0.0038976857490864436,-0.050091074681238634,0.027422303473491727,0.028853593996286866,0.02742;-0.00390;-0.00296;-0.05009;-0.02551,True,PERTURBATION
A1_v1,TUNED.n18,throughput,0.0,-0.023076923076922995,0.04081632653061207,0.026190830641821344,0.00000;0.04082;-0.01481;-0.02308;0.02098,True,PERTURBATION
A1_v1,TUNED.n18,decode_exec_mean,-0.013268156424581012,-0.02664796633941091,0.007884362680683266,0.014029829391598938,0.00274;-0.01490;-0.02665;-0.01327;0.00788,True,PERTURBATION
A1_v1,TUNED.n18,decode_exec_p50,-0.018452803406671436,-0.027877055039313814,0.021908127208480677,0.02173538472753497,0.02191;-0.02355;-0.02788;-0.01845;0.00778,True,PERTURBATION
A1_v1,TUNED.n18,prefill_exec_mean,-0.003526280771789736,-0.03936030378267841,0.011000235719336837,0.02008004920521794,0.00824;-0.03936;-0.00753;0.01100;-0.00353,True,PERTURBATION
A1_v1,TUNED.n18,sampler_decode_mean,-0.1250000000000001,-0.2197802197802199,0.17105263157894735,0.15599416788494452,0.02740;-0.12500;-0.21978;-0.14118;0.17105,True,PERTURBATION
A1_v1,TUNED.n18,client_itl_median,-0.04232242017103138,-0.06263501297578966,0.017993314358851098,0.03812762118453695,0.01629;-0.04849;-0.06264;-0.04232;0.01799,True,PERTURBATION
A1_v1,TUNED.n18,client_latency_median,-0.01211651293772309,-0.07012491564480194,0.03745660545577478,0.04039978409910588,0.03746;-0.00045;-0.03806;-0.01212;-0.07012,True,PERTURBATION
A1_v1,TUNED.n18,recon_a_prime,0.010006413480299736,-0.01962515165001244,0.018518290561333695,0.01640838714872347,-0.00518;-0.01963;0.01771;0.01852;0.01001,True,PERTURBATION
A1_v1,TUNED.n18,decode_steps_in_window,0.006894049346879427,-0.02589807852965753,0.04407294832826758,0.03248009212539586,-0.02217;0.04407;0.03730;0.00689;-0.02590,True,PERTURBATION
A2_v2,BASE.n6,throughput,0.013157894736842257,0.0,0.03846153846153855,0.015623311773648675,0.00000;0.01316;0.03846;0.01266;0.03175,True,PERTURBATION
A2_v2,BASE.n6,decode_exec_mean,-0.005550416281221104,-0.006523765144454852,-0.0009242144177449285,0.00246422228968236,-0.00092;-0.00555;-0.00290;-0.00652;-0.00644,True,PERTURBATION
A2_v2,BASE.n6,decode_exec_p50,-0.005597014925373234,-0.02071005917159774,0.0009199632014720294,0.008005454321086023,0.00092;-0.00560;-0.02071;-0.00560;-0.00552,True,PERTURBATION
A2_v2,BASE.n6,prefill_exec_mean,0.01406504065040659,-0.030665237820459934,0.02391696750902539,0.02221025325245411,0.01492;-0.03067;0.01407;0.02392;-0.00876,True,PERTURBATION
A2_v2,BASE.n6,sampler_decode_mean,-0.06666666666666676,-0.08888888888888902,-0.025000000000000022,0.02507704178509416,-0.06667;-0.08333;-0.02500;-0.08889;-0.06250,True,PERTURBATION
A2_v2,BASE.n6,client_itl_median,-0.008360265634950514,-0.06042921665093892,-0.00285294099562039,0.024034871695241534,-0.00285;-0.00466;-0.06043;-0.00836;-0.01478,True,PERTURBATION
A2_v2,BASE.n6,client_latency_median,-0.007457998713820246,-0.08507848590448219,0.0001850247866879151,0.03595544826281,-0.00086;0.00019;-0.08508;-0.00746;-0.03109,True,PERTURBATION
A2_v2,BASE.n6,recon_a_prime,0.007343991753662182,-0.013904797030511395,0.019831041126744164,0.013307380728926297,0.00734;0.00667;0.01737;0.01983;-0.01390,True,PERTURBATION
A2_v2,BASE.n6,decode_steps_in_window,0.01619332336821122,0.0006955715279388652,0.03619197482297398,0.013722465102207588,0.00542;0.03619;0.01757;0.01619;0.00070,True,PERTURBATION
A2_v2,BASE.n18,throughput,-0.00925925925925919,-0.010638297872340385,0.0092592592592593,0.008619471513240537,0.00000;0.00926;-0.00926;-0.01064;-0.00980,False,PERTURBATION
A2_v2,BASE.n18,decode_exec_mean,0.0014925373134329067,-0.0007304601899196239,0.00588235294117645,0.0025195459623758446,-0.00073;0.00149;0.00375;0.00588;0.00149,False,PERTURBATION
A2_v2,BASE.n18,decode_exec_p50,0.0037009622501851247,0.0022042615723734116,0.006559766763848396,0.001664170578300065,0.00436;0.00370;0.00295;0.00656;0.00220,False,PERTURBATION
A2_v2,BASE.n18,prefill_exec_mean,-0.00016940538709120379,-0.013598326359832713,0.012158865680744091,0.009124329790832551,-0.00017;-0.00104;0.01216;-0.01360;0.00040,False,PERTURBATION
A2_v2,BASE.n18,sampler_decode_mean,0.06060606060606055,0.015625,0.1384615384615384,0.045570344891186644,0.06061;0.04762;0.07937;0.13846;0.01562,False,PERTURBATION
A2_v2,BASE.n18,client_itl_median,0.006044179977459985,-0.001082695541986034,0.019553625731439706,0.008098333657051612,0.01955;0.00567;-0.00108;0.01443;0.00604,False,PERTURBATION
A2_v2,BASE.n18,client_latency_median,0.007687677066416487,0.0066637221647503075,0.05756221061661537,0.026630435663929527,0.05372;0.00692;0.05756;0.00769;0.00666,False,PERTURBATION
A2_v2,BASE.n18,recon_a_prime,-0.004302127341284323,-0.017038129908845012,0.014349395766054318,0.012469232120035794,-0.01137;-0.00430;0.01435;-0.01704;0.00423,False,PERTURBATION
A2_v2,BASE.n18,decode_steps_in_window,-0.0021019442984760994,-0.07364144235652614,0.012111637704054656,0.04109252035351484,-0.06019;0.01211;0.01074;-0.07364;-0.00210,False,PERTURBATION
A2_v2,TUNED.n6,throughput,0.0,-0.038461538461538436,0.026315789473684292,0.027874574604963696,0.02632;0.01235;-0.03846;0.00000;-0.03125,False,PERTURBATION
A2_v2,TUNED.n6,decode_exec_mean,0.009398496240601517,-0.01730418943533707,0.01934235976789167,0.015218350214099143,-0.01730;-0.00652;0.01934;0.00940;0.01388,False,PERTURBATION
A2_v2,TUNED.n6,decode_exec_p50,0.006487488415199305,-0.018018018018017945,0.03830645161290325,0.023029784199186353,-0.01802;-0.01277;0.03831;0.00649;0.01821,False,PERTURBATION
A2_v2,TUNED.n6,prefill_exec_mean,0.015899336714787493,-0.02376858501062007,0.031486691192382565,0.02067698002223557,0.01176;-0.02377;0.01590;0.03149;0.01857,False,PERTURBATION
A2_v2,TUNED.n6,sampler_decode_mean,0.06976744186046524,-0.1964285714285715,0.2682926829268293,0.2065237807122388,-0.19643;-0.12245;0.26829;0.06977;0.22917,False,PERTURBATION
A2_v2,TUNED.n6,client_itl_median,-0.001237168632452934,-0.053638977407358346,0.08497241257436827,0.060726218969845654,-0.05364;-0.04302;0.08497;-0.00124;0.05638,False,PERTURBATION
A2_v2,TUNED.n6,client_latency_median,-0.022255705976130136,-0.09407478540970893,0.1521755629230792,0.09408480586937672,-0.02226;-0.02826;-0.09407;0.05339;0.15218,False,PERTURBATION
A2_v2,TUNED.n6,recon_a_prime,0.006508800997427233,-0.0001617960077804348,0.03432288698883812,0.014382801937921266,0.03432;-0.00016;0.00130;0.00651;0.01804,False,PERTURBATION
A2_v2,TUNED.n6,decode_steps_in_window,0.0009383063570256311,-0.0822496749024707,0.05314505776636724,0.05135347891947349,0.05315;0.03080;-0.08225;-0.00310;0.00094,False,PERTURBATION
A2_v2,TUNED.n18,throughput,-0.007936507936507908,-0.027586206896551668,0.006802721088435382,0.014152196353858329,-0.02759;-0.02027;0.00000;-0.00794;0.00680,False,PERTURBATION
A2_v2,TUNED.n18,decode_exec_mean,0.0078069552874378,-0.005780346820809301,0.02193283070596297,0.010655378906437795,0.02193;0.01003;-0.00578;0.00781;-0.00065,False,PERTURBATION
A2_v2,TUNED.n18,decode_exec_p50,0.0,-0.0045045045045044585,0.06911142454160801,0.03130860000370306,0.06911;0.00000;-0.00147;0.00360;-0.00450,False,PERTURBATION
A2_v2,TUNED.n18,prefill_exec_mean,-0.009879253567508184,-0.025896111786148257,0.0039046721421840402,0.012907001190904384,-0.00276;-0.00988;-0.02345;-0.02590;0.00390,False,PERTURBATION
A2_v2,TUNED.n18,sampler_decode_mean,0.09210526315789469,-0.0957446808510638,0.20833333333333348,0.1252635321110688,0.20833;0.09211;-0.02941;0.14706;-0.09574,False,PERTURBATION
A2_v2,TUNED.n18,client_itl_median,0.006018916127224827,-0.009006802935510594,0.0648957155859522,0.030449961162214458,0.06490;0.00602;0.00038;0.03648;-0.00901,False,PERTURBATION
A2_v2,TUNED.n18,client_latency_median,0.020676666404177535,-0.004025288648150216,0.04888444557966132,0.020494085273195357,0.02068;-0.00403;0.04888;0.00405;0.02453,False,PERTURBATION
A2_v2,TUNED.n18,recon_a_prime,-0.00043726267755217485,-0.029434179040914388,0.012418215852385783,0.01807139606404927,-0.02943;0.01242;-0.00044;-0.01455;0.01230,False,PERTURBATION
A2_v2,TUNED.n18,decode_steps_in_window,-0.004365223717715527,-0.05606694560669456,0.026464208242950038,0.03174031693355556,-0.05607;-0.01794;0.01249;-0.00437;0.02646,False,PERTURBATION
