N,rep,R_RECON_TUNED_over_BASE,R_PRED
18,0,0.6603343242726853,0.6854234124259435
18,1,0.7279730391441708,0.7317919119417063
18,2,0.6936320171952409,0.673915535162039
18,3,0.6701967443149642,0.6787563086155021
18,4,0.6748237889631475,0.6615112278144667
18,5,0.6998199860214301,0.6829820182432421
18,6,0.6652820406015959,0.6640080728414014
18,7,0.700440578399179,0.6881062721182392
18,8,0.6665710353452777,0.6746595381725173
18,9,0.6699136266503926,0.675971225012308
8,0,0.9982761382009696,0.9838367536929002
8,1,0.9614865818763544,0.9953682359736606
8,2,0.9758969526378738,0.9684836202710086
8,3,0.9564221303234387,0.9575177846712594
8,4,0.9395535313827977,0.9580887711350052
8,5,1.0093110658202125,1.0041053079133713
8,6,0.9831455074564048,1.0108921576902226
8,7,0.9860971913120599,0.9906845920781945
8,8,0.9495300213248432,0.941269199002979
8,9,0.9950009276940793,0.983802556449258
