config,rep,R_RECON_over_BATCHONLY,R_PRED_median
BATCHONLY,0,1.0,1.0
BATCHONLY,1,1.0,1.0
BATCHONLY,2,1.0,1.0
BATCHONLY,3,1.0,1.0
BATCHONLY,4,1.0,1.0
BATCHONLY,5,1.0,1.0
BATCHONLY,6,1.0,1.0
BATCHONLY,7,1.0,1.0
BATCHONLY,8,1.0,1.0
BATCHONLY,9,1.0,1.0
TUNED,0,0.9578527266132738,0.9696316446788505
TUNED,1,0.9907754906135315,0.9696316446788505
TUNED,2,0.9720727259963705,0.9696316446788505
TUNED,3,0.9808298431487694,0.9696316446788505
TUNED,4,0.9695664407160346,0.9696316446788505
TUNED,5,0.9894722952906136,0.9696316446788505
TUNED,6,0.9643808913032532,0.9696316446788505
TUNED,7,0.9619176545322364,0.9696316446788505
TUNED,8,0.981083815909895,0.9696316446788505
TUNED,9,0.9664627903289578,0.9696316446788505
DP_N8,0,1.0384196182013086,1.022478017722794
DP_N8,1,1.0233161561690451,1.022478017722794
DP_N8,2,1.0087386622238905,1.022478017722794
DP_N8,3,1.0121265332015408,1.022478017722794
DP_N8,4,1.0568743656732063,1.022478017722794
DP_N8,5,1.0173473791354384,1.022478017722794
DP_N8,6,1.0329503668223152,1.022478017722794
DP_N8,7,1.0147265868795141,1.022478017722794
DP_N8,8,0.9994456867928463,1.022478017722794
DP_N8,9,1.0094692757374089,1.022478017722794
