path,kind,bytes,mib,files,git_tracked_files
results/npu/stage0/20260818-184144-blocked-model-artifact/,run_dir,6488,0.01,7,0
results/npu/stage0/20260819-163200-qwen3-4b/,run_dir,617361,0.59,29,0
results/npu/stage1/20260819-173100-stage1a-b1-serving/,run_dir,2418881,2.31,22,0
results/npu/stage1/20260819-174300-stage1b-b8-multibucket/,run_dir,5942190,5.67,30,0
results/npu/stage1/20260819-182600-bucket-patch/,run_dir,576350,0.55,21,0
results/npu/stage1/20260819-task08-source-audit/,run_dir,56992,0.05,3,0
results/npu/stage2/20260819-181100-prefix-boundary/,run_dir,541123,0.52,16,0
results/npu/stage2/20260819-194900-decode-cost/,run_dir,2259544,2.15,46,0
results/npu/stage2/20260819-200800-gap-turnover/,run_dir,1559770,1.49,32,0
results/npu/stage2/20260819-204900-cliff-repro/,run_dir,1734711,1.65,41,0
results/npu/stage2/20260819-211600-agentic-pilot/,run_dir,381579,0.36,11,0
results/npu/stage2/20260819-232300-attribution-gate/,run_dir,248128,0.24,10,0
results/npu/stage2/20260819-233000-paired-pilot/,run_dir,1297781,1.24,29,0
results/npu/stage2/20260819-233800-paired-pilot-v2/,run_dir,1304499,1.24,29,0
results/npu/stage2/20260820-165200-nslots-sweep/,run_dir,13816925,13.18,314,0
results/npu/stage2/20260820-180000-gap-dispersion/,run_dir,1839531,1.75,48,0
results/npu/stage2/20260821-220100-prefill-tax/,run_dir,4723897,4.51,67,0
results/npu/stage2/20260821-222000-grid-observe/,run_dir,6737868,6.43,176,0
results/npu/stage2/20260821-231000-grid-intervene/,run_dir,4266646,4.07,105,0
results/npu/stage2/20260822-160532-sim-oos/,run_dir,5089863,4.85,134,0
results/npu/stage2/20260822-171534-policy-smoke/,run_dir,311653,0.3,6,0
results/npu/stage2/20260822-171959-policy-device/,run_dir,5717816,5.45,134,0
results/npu/stage2/20260822-222230-real-workload/,run_dir,3022429,2.88,71,0
results/npu/stage2/20260823-170201-compile-config/,run_dir,6767861,6.45,144,0
results/npu/stage2/20260823-183505-final-confirm/,run_dir,9837691,9.38,211,0
results/npu/stage2/20260824-160028-n6-reconfirm/,run_dir,2962320,2.83,76,0
results/npu/stage2/20260824-222453-batch-saturation/,run_dir,14003045,13.35,297,0
results/npu/stage2/20260901-020342-null-channel/,run_dir,6338743,6.05,149,0
results/npu/stage2/20260908-133635-grid-paired/,run_dir,7343785,7.0,178,0
results/npu/stage2/20260908-151119-step-cost/,run_dir,2564205,2.45,68,0
results/npu/stage2/20260911-153800-config-search-rerun/,run_dir,8868756,8.46,26,0
results/npu/stage2/20260911-191300-recompile-variance/,run_dir,17077726,16.29,595,0
results/npu/stage2/20260912-134732-dummy-lifecycle/,run_dir,4626405,4.41,113,0
results/npu/stage2/20260912-144017-admission-eviction/,run_dir,1113748,1.06,67,0
results/npu/stage2/20260922-config-search-sensitivity/,run_dir,16503451,15.74,32,0
results/npu/stage2/20260922-dummy-block/,run_dir,2982183,2.84,6,0
results/npu/stage2/* (files directly under),loose_files,141939,0.14,6,0
results/npu/stage3/20260929-pilot-streaming/,run_dir,28290829,26.98,111,0
results/npu/stage3/20260930-main/,run_dir,182338773,173.89,870,0
results/npu/stage3/20261001-hiload/,run_dir,81260199,77.5,341,0
results/npu/stage3/20261001-stepcost-op/,run_dir,77388985,73.8,588,0
results/npu/stage3/20261002-ctxcost/,run_dir,25275651,24.1,270,0
results/npu/stage3/20261002-simblind/,run_dir,120255180,114.68,506,0
results/npu/stage3/ctxcost/,run_dir,17525,0.02,1,0
results/npu/stage3/grid_select/,run_dir,14293,0.01,1,0
results/npu/stage3/model_v0_retro/,run_dir,694675,0.66,7,0
results/npu/stage3/model_v1_dev/,run_dir,390134,0.37,1,0
results/npu/stage3/posthoc_ctx/,run_dir,49503,0.05,1,0
results/npu/stage3/predict/,run_dir,177408,0.17,12,0
results/npu/stage3/queue_obs/,run_dir,43434,0.04,1,0
results/npu/stage3/sim_semantics/,run_dir,21169,0.02,1,0
results/npu/stage3/step_audit/,run_dir,20673,0.02,2,0
results/npu/stage3/stepcost_op/,run_dir,26100,0.02,1,0
results/npu/stage3/v11_dev/,run_dir,1150017,1.1,3,0
results/npu/stage3/v12_dev/,run_dir,71898,0.07,3,0
results/source_isolation/,top_dir,10539,0.01,7,0
results/tables/,top_dir,353583,0.34,87,87
